block_length,seed,test,memory_events,alternative,status,error,statistic,p_value,reject_at_alpha,alpha,n_resamples,n_randomized_units,n_focal_events,randomization_seed,elapsed_seconds
1000,1000,anticipation_pirt,-1,greater,ok,,-0.0003414736683091091,0.4357821089455272,False,0.05,2000,499,2000,3854447926,0.03617830001167022
1000,1000,carryover_crt,0,two-sided,ok,,0.46500942917352917,0.10794602698650675,False,0.05,2000,250,250000,3766227557,0.03178160000243224
1000,1000,carryover_crt,1000,two-sided,ok,,0.14904271644684677,0.7271364317841079,False,0.05,2000,125,125000,3593543729,0.018436599988490343
1000,1000,carryover_crt,2500,two-sided,ok,,-0.6081367578537707,0.2593703148425787,False,0.05,2000,83,43500,4159269451,0.01380269997753203
1000,1000,carryover_crt,5000,two-sided,ok,,0.7413136426907305,0.3148425787106447,False,0.05,2000,41,41000,1994754149,0.010996700002579018
1000,1000,carryover_crt,10000,two-sided,ok,,-0.7051054376324809,0.5172413793103449,False,0.05,2000,22,22000,1938769708,0.010631199984345585
1000,1000,total_effect_crt,5000,greater,ok,,-3.5096599171757696,1.0,False,0.05,2000,2,2000,1645975141,0.011510299984365702
1000,1001,anticipation_pirt,-1,greater,ok,,0.002492853473363953,0.8515742128935532,False,0.05,2000,499,2000,1520962777,0.030348600004799664
1000,1001,carryover_crt,0,two-sided,ok,,0.4094974311567843,0.15592203898050974,False,0.05,2000,250,250000,3061093812,0.025407000008272007
1000,1001,carryover_crt,1000,two-sided,ok,,-0.16932303545054797,0.6976511744127936,False,0.05,2000,125,125000,3703322670,0.021245899988571182
1000,1001,carryover_crt,2500,two-sided,ok,,-0.16903257267577473,0.7436281859070465,False,0.05,2000,83,43500,364928573,0.014723800006322563
1000,1001,carryover_crt,5000,two-sided,ok,,0.017538048257733255,0.9800099950024987,False,0.05,2000,41,41000,2489734049,0.015669800020987168
1000,1001,carryover_crt,10000,two-sided,ok,,1.0809899748983711,0.2723638180909545,False,0.05,2000,22,22000,2757927823,0.014231300010578707
1000,1001,total_effect_crt,5000,greater,ok,,6.609119851320982,0.5082458770614693,False,0.05,2000,1,1000,661178606,0.009149199991952628
1000,1002,anticipation_pirt,-1,greater,ok,,0.0018772615774630005,0.6266866566716641,False,0.05,2000,499,1000,3414660082,0.03498980001313612
1000,1002,carryover_crt,0,two-sided,ok,,0.4052068708176762,0.1679160419790105,False,0.05,2000,250,250000,3474162350,0.032299699989380315
1000,1002,carryover_crt,1000,two-sided,ok,,-0.5428580681137741,0.19290354822588707,False,0.05,2000,125,125000,697831560,0.020585899997968227
1000,1002,carryover_crt,2500,two-sided,ok,,-0.5406298678715366,0.2818590704647676,False,0.05,2000,83,43500,4083475906,0.016780899983132258
1000,1002,carryover_crt,5000,two-sided,ok,,-0.7205741304728863,0.32733633183408295,False,0.05,2000,41,41000,3543443656,0.010290099977282807
1000,1002,carryover_crt,10000,two-sided,ok,,0.44761271682212284,0.6901549225387307,False,0.05,2000,22,22000,2620167472,0.010340399981942028
1000,1002,total_effect_crt,5000,greater,ok,,-2.4692199518978595,1.0,False,0.05,2000,1,1000,3192341857,0.008687599998665974
1000,1003,anticipation_pirt,-1,greater,ok,,0.0012882762930853473,0.5362318840579711,False,0.05,2000,499,2000,2166790708,0.02836549998028204
1000,1003,carryover_crt,0,two-sided,ok,,0.15944119639877977,0.5867066466766616,False,0.05,2000,250,250000,2655552988,0.02973589999601245
1000,1003,carryover_crt,1000,two-sided,ok,,0.3851236709342004,0.367816091954023,False,0.05,2000,125,125000,3792066035,0.026537400000961497
1000,1003,carryover_crt,2500,two-sided,ok,,-1.0435286507691603,0.04147926036981509,True,0.05,2000,83,43500,1094286112,0.014251899992814288
1000,1003,carryover_crt,5000,two-sided,ok,,-0.04576731679597627,0.9460269865067467,False,0.05,2000,41,41000,1616825965,0.011124600016046315
1000,1003,carryover_crt,10000,two-sided,ok,,-1.5970717817519535,0.11594202898550725,False,0.05,2000,22,22000,3150950792,0.010327399999368936
1000,1003,total_effect_crt,5000,greater,ok,,6.178699857696891,0.2413793103448276,False,0.05,2000,2,2000,2209075875,0.010616300016408786
1000,1004,anticipation_pirt,-1,greater,ok,,-0.0017689309793982395,0.28735632183908044,False,0.05,2000,499,1500,641351299,0.032750299986219034
1000,1004,carryover_crt,0,two-sided,ok,,1.1990185326161087,0.0004997501249375312,True,0.05,2000,250,250000,2261737835,0.027022199996281415
1000,1004,carryover_crt,1000,two-sided,ok,,-0.8430337405618432,0.050474762618690654,False,0.05,2000,125,125000,3365462078,0.0178250000171829
1000,1004,carryover_crt,2500,two-sided,ok,,0.692543019484217,0.19590204897551225,False,0.05,2000,83,43500,2254361072,0.014993999997386709
1000,1004,carryover_crt,5000,two-sided,ok,,-0.8028448608055165,0.3218390804597701,False,0.05,2000,41,41000,2501058462,0.010931500000879169
1000,1004,carryover_crt,10000,two-sided,ok,,0.8258127083290706,0.44627686156921537,False,0.05,2000,22,22000,1113747659,0.009611599991330877
1000,1004,total_effect_crt,5000,greater,ok,,3.9998749117925763,0.11744127936031984,False,0.05,2000,4,4000,2031800823,0.011132599989650771
1000,1005,anticipation_pirt,-1,greater,ok,,0.0015634763808959286,0.7561219390304847,False,0.05,2000,499,1000,1787508395,0.026990899990778416
1000,1005,carryover_crt,0,two-sided,ok,,0.037747278354823575,0.8925537231384307,False,0.05,2000,250,250000,2435855790,0.028606000007130206
1000,1005,carryover_crt,1000,two-sided,ok,,-0.9132892594764235,0.027486256871564217,True,0.05,2000,125,125000,4048402563,0.022506200009956956
1000,1005,carryover_crt,2500,two-sided,ok,,-0.47979757980352417,0.36081959020489757,False,0.05,2000,83,43500,3253066685,0.014357100008055568
1000,1005,carryover_crt,5000,two-sided,ok,,-2.1533794632068854,0.0029985007496251873,True,0.05,2000,41,41000,568956075,0.014512099995044991
1000,1005,carryover_crt,10000,two-sided,ok,,-0.9263072533795441,0.38780609695152424,False,0.05,2000,22,22000,1378930325,0.012340799992671236
1000,1005,total_effect_crt,5000,greater,ok,,-0.5831749908104539,0.5507246376811594,False,0.05,2000,4,4000,3356159108,0.009784199995920062
1000,1006,anticipation_pirt,-1,greater,ok,,0.0031497517676027736,0.881559220389805,False,0.05,2000,499,2000,4256232263,0.033680399996228516
1000,1006,carryover_crt,0,two-sided,ok,,0.14334287671697138,0.624687656171914,False,0.05,2000,250,250000,2304382710,0.02916979999281466
1000,1006,carryover_crt,1000,two-sided,ok,,0.3275363127979637,0.45827086456771615,False,0.05,2000,125,125000,3375712702,0.018830100016202778
1000,1006,carryover_crt,2500,two-sided,ok,,0.17815854877748769,0.7386306846576711,False,0.05,2000,83,43500,1827478283,0.01690190000226721
1000,1006,carryover_crt,5000,two-sided,ok,,0.2405282874695229,0.7766116941529235,False,0.05,2000,41,41000,1395455023,0.012366599985398352
1000,1006,carryover_crt,10000,two-sided,ok,,-0.39429271636242896,0.6916541729135433,False,0.05,2000,22,22000,2687844339,0.009532099997159094
1000,1006,total_effect_crt,5000,greater,ok,,-2.7534599392563104,1.0,False,0.05,2000,1,1000,1889025372,0.00964390000444837
1000,1007,anticipation_pirt,-1,greater,ok,,-0.0015034253248401232,0.44577711144427784,False,0.05,2000,499,2000,43069740,0.029865800024708733
1000,1007,carryover_crt,0,two-sided,ok,,0.717872143148914,0.014992503748125937,True,0.05,2000,250,250000,1716872525,0.025339000014355406
1000,1007,carryover_crt,1000,two-sided,ok,,0.020818559526711623,0.95952023988006,False,0.05,2000,125,125000,3295712105,0.022654100001091138
1000,1007,carryover_crt,2500,two-sided,ok,,-0.29375054867626654,0.5812093953023488,False,0.05,2000,83,43500,3517133289,0.013617100019473583
1000,1007,carryover_crt,5000,two-sided,ok,,0.2707346279072324,0.7001499250374813,False,0.05,2000,41,41000,2207667019,0.011234800011152402
1000,1007,carryover_crt,10000,two-sided,ok,,0.4567008973099292,0.6451774112943528,False,0.05,2000,22,22000,2255369826,0.011077700008172542
1000,1007,total_effect_crt,5000,greater,ok,,-1.7084899589531124,0.8050974512743628,False,0.05,2000,4,4000,3782287703,0.008859300025505945
1000,1008,anticipation_pirt,-1,greater,ok,,-0.002968077729706283,0.06546726636681659,False,0.05,2000,499,1000,116107434,0.033590100007131696
1000,1008,carryover_crt,0,two-sided,ok,,0.4734183889624477,0.12593703148425786,False,0.05,2000,250,250000,1830465816,0.02712529999553226
1000,1008,carryover_crt,1000,two-sided,ok,,0.7512209423224627,0.0734632683658171,False,0.05,2000,125,125000,4141348090,0.019744099990930408
1000,1008,carryover_crt,2500,two-sided,ok,,0.28051739210075277,0.5882058970514743,False,0.05,2000,83,43500,1909732923,0.01955429997178726
1000,1008,carryover_crt,5000,two-sided,ok,,0.4463829166665673,0.5397301349325337,False,0.05,2000,41,41000,3369933933,0.012356500024907291
1000,1008,carryover_crt,10000,two-sided,ok,,0.9309927056843247,0.36881559220389803,False,0.05,2000,22,22000,1863420714,0.011401800002204254
1000,1008,total_effect_crt,5000,greater,ok,,-3.0964499302059414,1.0,False,0.05,2000,2,2000,1861501352,0.009888600005069748
1000,1009,anticipation_pirt,-1,greater,ok,,0.0029752204361689735,0.9945027486256871,False,0.05,2000,499,1000,556884837,0.028262500010896474
1000,1009,carryover_crt,0,two-sided,ok,,0.3881248710560948,0.19640179910044978,False,0.05,2000,250,250000,1818272271,0.03878830000758171
1000,1009,carryover_crt,1000,two-sided,ok,,0.09109487798726564,0.8500749625187406,False,0.05,2000,125,125000,513747093,0.028508599993074313
1000,1009,carryover_crt,2500,two-sided,ok,,0.2624173429832581,0.5997001499250375,False,0.05,2000,83,43500,2383065416,0.013804599991999567
1000,1009,carryover_crt,5000,two-sided,ok,,0.5494887678632285,0.4877561219390305,False,0.05,2000,41,41000,413235588,0.011105199984740466
1000,1009,carryover_crt,10000,two-sided,ok,,0.15922908980433237,0.8725637181409296,False,0.05,2000,22,22000,3124410249,0.009079900017241016
1000,1009,total_effect_crt,5000,greater,ok,,1.0427999737436573,0.34182908545727136,False,0.05,2000,6,6000,4256690868,0.012275399989448488
1000,1010,anticipation_pirt,-1,greater,ok,,-0.0014711711809355002,0.3808095952023988,False,0.05,2000,499,2000,3614216855,0.03145030001178384
1000,1010,carryover_crt,0,two-sided,ok,,0.24554455369903153,0.42828585707146427,False,0.05,2000,250,250000,1779788845,0.02896809999947436
1000,1010,carryover_crt,1000,two-sided,ok,,-0.26312399430567024,0.5502248875562219,False,0.05,2000,125,125000,1756100117,0.018580300005851313
1000,1010,carryover_crt,2500,two-sided,ok,,0.04230910801079625,0.9410294852573713,False,0.05,2000,83,43500,2101356966,0.01611100000445731
1000,1010,carryover_crt,5000,two-sided,ok,,1.3216677742624066,0.10044977511244378,False,0.05,2000,41,41000,3807862260,0.012489100015955046
1000,1010,carryover_crt,10000,two-sided,ok,,-1.3957063298684291,0.15342328835582209,False,0.05,2000,22,22000,2161754897,0.01101119999657385
1000,1010,total_effect_crt,5000,greater,ok,,1.4076699718236922,0.4942528735632184,False,0.05,2000,2,2000,2809806654,0.00844800000777468
1000,1011,anticipation_pirt,-1,greater,ok,,0.0015631548051492745,0.7741129435282359,False,0.05,2000,499,1000,2684031010,0.02636210000491701
1000,1011,carryover_crt,0,two-sided,ok,,0.38856687089118364,0.18590704647676162,False,0.05,2000,250,250000,3634431147,0.026073599990922958
1000,1011,carryover_crt,1000,two-sided,ok,,0.10130783691260228,0.8035982008995503,False,0.05,2000,125,125000,1233671933,0.0231740000017453
1000,1011,carryover_crt,2500,two-sided,ok,,0.23479719683718253,0.664167916041979,False,0.05,2000,83,43500,12289634,0.012994199991226196
1000,1011,carryover_crt,5000,two-sided,ok,,-0.19693365310005292,0.8045977011494253,False,0.05,2000,41,41000,2028071529,0.01056819999939762
1000,1011,carryover_crt,10000,two-sided,ok,,-0.5708154424975881,0.5227386306846576,False,0.05,2000,22,22000,2751338986,0.008944200002588332
1000,1011,total_effect_crt,5000,greater,ok,,2.319053274780512,0.383808095952024,False,0.05,2000,3,3000,3330742759,0.008720100013306364
1000,1012,anticipation_pirt,-1,greater,ok,,-0.0025942228887294847,0.14292853573213393,False,0.05,2000,499,1000,278549357,0.028106699988711625
1000,1012,carryover_crt,0,two-sided,ok,,0.6179243058345169,0.029985007496251874,True,0.05,2000,250,250000,2350277532,0.02653420000569895
1000,1012,carryover_crt,1000,two-sided,ok,,-1.1291391745413246,0.006496751624187906,True,0.05,2000,125,125000,1121402046,0.018114799982868135
1000,1012,carryover_crt,2500,two-sided,ok,,0.1328070337440953,0.7951024487756122,False,0.05,2000,83,43500,1810364977,0.014117699989583343
1000,1012,carryover_crt,5000,two-sided,ok,,-0.27282145744280495,0.7066466766616691,False,0.05,2000,41,41000,3464637280,0.01201869998476468
1000,1012,carryover_crt,10000,two-sided,ok,,0.25400272111137473,0.7886056971514243,False,0.05,2000,22,22000,3978857134,0.010285900003509596
1000,1012,total_effect_crt,5000,greater,ok,,-0.18428665844599407,0.6151924037981009,False,0.05,2000,3,3000,25648404,0.008792200009338558
1000,1013,anticipation_pirt,-1,greater,ok,,0.0015670322228776752,0.6151924037981009,False,0.05,2000,499,2000,1827607768,0.02663469998515211
1000,1013,carryover_crt,0,two-sided,ok,,-0.17255671568225325,0.5482258870564718,False,0.05,2000,250,250000,4064479988,0.026610400003846735
1000,1013,carryover_crt,1000,two-sided,ok,,-0.35245711088708065,0.3868065967016492,False,0.05,2000,125,125000,479688118,0.02217639997252263
1000,1013,carryover_crt,2500,two-sided,ok,,-0.9597635423204982,0.05247376311844078,False,0.05,2000,83,43500,1396226276,0.01192260000971146
1000,1013,carryover_crt,5000,two-sided,ok,,-0.3645907235233704,0.5892053973013494,False,0.05,2000,41,41000,178606129,0.01020520000020042
1000,1013,carryover_crt,10000,two-sided,ok,,-0.09417454474385473,0.92103948025987,False,0.05,2000,22,22000,2929741554,0.00975940001080744
1000,1013,total_effect_crt,5000,greater,ok,,0.8406839793175459,0.30134932533733133,False,0.05,2000,5,5000,1242263858,0.009815900004468858
1000,1014,anticipation_pirt,-1,greater,ok,,-0.0012062694982125969,0.4522738630684658,False,0.05,2000,499,1000,1899764126,0.0339869000017643
1000,1014,carryover_crt,0,two-sided,ok,,0.4829537493685334,0.11494252873563218,False,0.05,2000,250,250000,4188668455,0.028891699999803677
1000,1014,carryover_crt,1000,two-sided,ok,,-0.6342668656328619,0.13043478260869565,False,0.05,2000,125,125000,2326451462,0.01948750001611188
1000,1014,carryover_crt,2500,two-sided,ok,,0.18256674269267237,0.7241379310344828,False,0.05,2000,83,43500,3031775822,0.015775299980305135
1000,1014,carryover_crt,5000,two-sided,ok,,-1.4814428941066855,0.053973013493253376,False,0.05,2000,41,41000,3412194526,0.01109280000673607
1000,1014,carryover_crt,10000,two-sided,ok,,0.40280453548326417,0.7131434282858571,False,0.05,2000,22,22000,3174714246,0.009843999985605478
1000,1014,total_effect_crt,5000,greater,ok,,2.0369299496375026,0.2463768115942029,False,0.05,2000,4,4000,3634298665,0.009262100007617846
1000,1015,anticipation_pirt,-1,greater,ok,,0.0033911580743933092,0.9270364817591205,False,0.05,2000,499,1000,2797789797,0.026376699999673292
1000,1015,carryover_crt,0,two-sided,ok,,1.0683769348190724,0.0004997501249375312,True,0.05,2000,250,250000,2801488318,0.026170700002694502
1000,1015,carryover_crt,1000,two-sided,ok,,0.45775390956157447,0.3073463268365817,False,0.05,2000,125,125000,2490519916,0.021150599990505725
1000,1015,carryover_crt,2500,two-sided,ok,,0.4491113125939325,0.4077961019490255,False,0.05,2000,83,43500,4155391913,0.01485760000650771
1000,1015,carryover_crt,5000,two-sided,ok,,0.2292668242180129,0.7831084457771115,False,0.05,2000,41,41000,4175145548,0.011945000005653128
1000,1015,carryover_crt,10000,two-sided,ok,,-0.21430635699646705,0.8350824587706147,False,0.05,2000,22,22000,3451585463,0.010358800005633384
1000,1015,total_effect_crt,5000,greater,ok,,3.889974908068776,0.12093953023488256,False,0.05,2000,4,4000,2254597639,0.00903929999913089
1000,1016,anticipation_pirt,-1,greater,ok,,-0.003147907945311833,0.07296351824087956,False,0.05,2000,499,2000,2849962701,0.03275540002505295
1000,1016,carryover_crt,0,two-sided,ok,,0.48601838864289215,0.09995002498750624,False,0.05,2000,250,250000,3917737455,0.02670869999565184
1000,1016,carryover_crt,1000,two-sided,ok,,-0.01362591989094014,0.975512243878061,False,0.05,2000,125,125000,2423776054,0.01775840000482276
1000,1016,carryover_crt,2500,two-sided,ok,,-0.07838727598301613,0.881559220389805,False,0.05,2000,83,43500,1099097510,0.015102299978025258
1000,1016,carryover_crt,5000,two-sided,ok,,-1.8702189820815878,0.014992503748125937,True,0.05,2000,41,41000,2212077252,0.01058309999643825
1000,1016,carryover_crt,10000,two-sided,ok,,1.7177026855612005,0.07646176911544228,False,0.05,2000,22,22000,1249408965,0.008787499973550439
1000,1016,total_effect_crt,5000,greater,ok,,0.6467599858436733,0.44177911044477763,False,0.05,2000,4,4000,414258059,0.009142599999904633
1000,1017,anticipation_pirt,-1,greater,ok,,-0.0018505212422586655,0.20189905047476261,False,0.05,2000,499,2000,4015395676,0.02585840001120232
1000,1017,carryover_crt,0,two-sided,ok,,0.24470895494118342,0.41879060469765117,False,0.05,2000,250,250000,2862543018,0.028278299985686317
1000,1017,carryover_crt,1000,two-sided,ok,,-0.4559367900187372,0.2983508245877061,False,0.05,2000,125,125000,1937468458,0.02118120001978241
1000,1017,carryover_crt,2500,two-sided,ok,,0.04023893996881072,0.9365317341329336,False,0.05,2000,83,43500,1955852634,0.013218300009611994
1000,1017,carryover_crt,5000,two-sided,ok,,-0.43757218383216284,0.5667166416791605,False,0.05,2000,41,41000,2820453851,0.011131000006571412
1000,1017,carryover_crt,10000,two-sided,ok,,-1.9555690465699878,0.059470264867566215,False,0.05,2000,22,22000,2527325979,0.009206600021570921
1000,1017,total_effect_crt,5000,greater,ok,,-2.542819938212633,1.0,False,0.05,2000,1,1000,2428445118,0.008438900025794283
1000,1018,anticipation_pirt,-1,greater,ok,,0.002624013679566796,0.7131434282858571,False,0.05,2000,499,2000,1747860373,0.026299299992388114
1000,1018,carryover_crt,0,two-sided,ok,,0.3949691111548095,0.16741629185407297,False,0.05,2000,250,250000,343447496,0.027115699980640784
1000,1018,carryover_crt,1000,two-sided,ok,,-0.2683596737793982,0.5222388805597201,False,0.05,2000,125,125000,911489302,0.018677899992326275
1000,1018,carryover_crt,2500,two-sided,ok,,-0.9448004603175155,0.059470264867566215,False,0.05,2000,83,43500,3450219527,0.01494799999636598
1000,1018,carryover_crt,5000,two-sided,ok,,-0.0918258510933417,0.8850574712643678,False,0.05,2000,41,41000,1479367803,0.010971700015943497
1000,1018,carryover_crt,10000,two-sided,ok,,0.49752726316333484,0.6256871564217891,False,0.05,2000,22,22000,2907635439,0.009298399992985651
1000,1018,total_effect_crt,5000,greater,ok,,-3.7691199193000795,1.0,False,0.05,2000,1,1000,2613973696,0.009048499981872737
1000,1019,anticipation_pirt,-1,greater,ok,,0.0032228484376418333,0.8830584707646177,False,0.05,2000,499,2000,3499189444,0.027056199993239716
1000,1019,carryover_crt,0,two-sided,ok,,0.621775105674207,0.033483258370814596,True,0.05,2000,250,250000,4218754567,0.0265711999963969
1000,1019,carryover_crt,1000,two-sided,ok,,-0.26555439414289606,0.5492253873063468,False,0.05,2000,125,125000,3362286756,0.023009800002910197
1000,1019,carryover_crt,2500,two-sided,ok,,0.2231146936491311,0.68015992003998,False,0.05,2000,83,43500,3086858626,0.014216999989002943
1000,1019,carryover_crt,5000,two-sided,ok,,0.07278438613273022,0.9300349825087456,False,0.05,2000,41,41000,3710423001,0.011650400003418326
1000,1019,carryover_crt,10000,two-sided,ok,,0.3557309012494304,0.7316341829085458,False,0.05,2000,22,22000,2583151200,0.010537400026805699
1000,1019,total_effect_crt,5000,greater,ok,,-1.2864499739296735,0.7531234382808596,False,0.05,2000,4,4000,2711584252,0.008649800001876429
1000,1020,anticipation_pirt,-1,greater,ok,,0.0025400052653960473,0.6741629185407296,False,0.05,2000,499,1000,40554503,0.03238199997576885
1000,1020,carryover_crt,0,two-sided,ok,,0.8655275000201017,0.0024987506246876563,True,0.05,2000,250,250000,1277935926,0.027258799993433058
1000,1020,carryover_crt,1000,two-sided,ok,,-0.33181519310554863,0.4367816091954023,False,0.05,2000,125,125000,2584065773,0.019094499992206693
1000,1020,carryover_crt,2500,two-sided,ok,,0.5666882762764772,0.26936531734132935,False,0.05,2000,83,43500,3136496025,0.01428849998046644
1000,1020,carryover_crt,5000,two-sided,ok,,0.26988487214422446,0.7206396801599201,False,0.05,2000,41,41000,829184349,0.010291400016285479
1000,1020,carryover_crt,10000,two-sided,ok,,1.2281463340752843,0.2353823088455772,False,0.05,2000,22,22000,1613085313,0.0094200000166893
1000,1020,total_effect_crt,5000,greater,ok,,2.7786319446355106,0.20189905047476261,False,0.05,2000,5,5000,3150340332,0.00859189999755472
1000,1021,anticipation_pirt,-1,greater,ok,,-0.0012874200607711826,0.4702648675662169,False,0.05,2000,499,2000,1901395047,0.028080499992938712
1000,1021,carryover_crt,0,two-sided,ok,,0.2976960735747814,0.3218390804597701,False,0.05,2000,250,250000,1810317088,0.027802900003734976
1000,1021,carryover_crt,1000,two-sided,ok,,0.329506872282207,0.4432783608195902,False,0.05,2000,125,125000,1439301243,0.020663200004491955
1000,1021,carryover_crt,2500,two-sided,ok,,0.03217860186319038,0.9505247376311844,False,0.05,2000,83,43500,3150519558,0.014201699988916516
1000,1021,carryover_crt,5000,two-sided,ok,,-0.47065950157820435,0.4942528735632184,False,0.05,2000,41,41000,4115221608,0.011210299999220297
1000,1021,carryover_crt,10000,two-sided,ok,,-1.3419945144307888,0.18590704647676162,False,0.05,2000,22,22000,2939049146,0.009647500002756715
1000,1021,total_effect_crt,5000,greater,ok,,-4.934079885534942,1.0,False,0.05,2000,2,2000,1863407318,0.009010299982037395
1000,1022,anticipation_pirt,-1,greater,ok,,-0.0023420638882018173,0.20539730134932535,False,0.05,2000,499,2000,1944950417,0.03235710001899861
1000,1022,carryover_crt,0,two-sided,ok,,0.3576839921460897,0.248375812093953,False,0.05,2000,250,250000,2846819818,0.02761409999220632
1000,1022,carryover_crt,1000,two-sided,ok,,0.5520867072383463,0.20739630184907545,False,0.05,2000,125,125000,2329378187,0.017695199989248067
1000,1022,carryover_crt,2500,two-sided,ok,,-0.3241258714566389,0.5207396301849075,False,0.05,2000,83,43500,1201188015,0.015162199997575954
1000,1022,carryover_crt,5000,two-sided,ok,,-0.9099438808696664,0.22538730634682658,False,0.05,2000,41,41000,2486947374,0.010028099990449846
1000,1022,carryover_crt,10000,two-sided,ok,,0.47444453525780295,0.655672163918041,False,0.05,2000,22,22000,256966332,0.009794700017664582
1000,1022,total_effect_crt,5000,greater,ok,,-0.15636999423801898,0.7656171914042978,False,0.05,2000,2,2000,2244486939,0.008976399985840544
1000,1023,anticipation_pirt,-1,greater,ok,,-0.0027100396843372575,0.20939530234882558,False,0.05,2000,499,2000,2306602855,0.026558499987004325
1000,1023,carryover_crt,0,two-sided,ok,,0.5702818275734632,0.06796601699150424,False,0.05,2000,250,250000,2643220671,0.026112299994565547
1000,1023,carryover_crt,1000,two-sided,ok,,0.36659791168674827,0.4012993503248376,False,0.05,2000,125,125000,3425251327,0.02132020000135526
1000,1023,carryover_crt,2500,two-sided,ok,,-0.5590983956491911,0.296351824087956,False,0.05,2000,83,43500,2045530280,0.013253700017230585
1000,1023,carryover_crt,5000,two-sided,ok,,-0.17387560631770926,0.8185907046476761,False,0.05,2000,41,41000,1099946290,0.010951700009172782
1000,1023,carryover_crt,10000,two-sided,ok,,2.532693578811362,0.019490254872563718,True,0.05,2000,22,22000,1245870967,0.009248399990610778
1000,1023,total_effect_crt,5000,greater,ok,,5.858279868289828,0.26936531734132935,False,0.05,2000,2,2000,2191170256,0.008706700027687475
1000,1024,anticipation_pirt,-1,greater,ok,,0.002238378618615071,0.841079460269865,False,0.05,2000,499,1000,3962874278,0.028177700005471706
1000,1024,carryover_crt,0,two-sided,ok,,0.513949427543521,0.079960019990005,False,0.05,2000,250,250000,782902664,0.0311758000170812
1000,1024,carryover_crt,1000,two-sided,ok,,-0.17904207516893753,0.6806596701649176,False,0.05,2000,125,125000,1778661714,0.019117499992717057
1000,1024,carryover_crt,2500,two-sided,ok,,-0.0501368665644202,0.92103948025987,False,0.05,2000,83,43500,3315815034,0.015482199989492074
1000,1024,carryover_crt,5000,two-sided,ok,,-0.6097053512213978,0.4287856071964018,False,0.05,2000,41,41000,1398739263,0.010152499977266416
1000,1024,carryover_crt,10000,two-sided,ok,,-0.008880909452214748,0.9930034982508745,False,0.05,2000,22,22000,3886093651,0.009710999991511926
1000,1024,total_effect_crt,5000,greater,ok,,1.686511959323287,0.2448775612193903,False,0.05,2000,5,5000,1781150094,0.009953200002200902
1000,1025,anticipation_pirt,-1,greater,ok,,0.0014006944265093208,0.5632183908045977,False,0.05,2000,499,1000,2878411857,0.026335000002291054
1000,1025,carryover_crt,0,two-sided,ok,,0.7228239033697994,0.017491254372813594,True,0.05,2000,250,250000,3649386063,0.026527600013650954
1000,1025,carryover_crt,1000,two-sided,ok,,0.2823668731200696,0.5092453773113443,False,0.05,2000,125,125000,4018372561,0.02164910000283271
1000,1025,carryover_crt,2500,two-sided,ok,,1.0410183856595174,0.05997001499250375,False,0.05,2000,83,43500,2634428637,0.012631699995836243
1000,1025,carryover_crt,5000,two-sided,ok,,1.5494594777409985,0.0384807596201899,True,0.05,2000,41,41000,646144002,0.01115220002247952
1000,1025,carryover_crt,10000,two-sided,ok,,-0.38217817470837717,0.7266366816591704,False,0.05,2000,22,22000,1274352452,0.010130699985893443
1000,1025,total_effect_crt,5000,greater,unavailable,no realized constant section contains focal events,,,False,0.05,2000,0,0,73661075,0.007994999992661178
1000,1026,anticipation_pirt,-1,greater,ok,,0.0028697833418431734,0.9420289855072463,False,0.05,2000,499,1000,3625308370,0.03391279999050312
1000,1026,carryover_crt,0,two-sided,ok,,0.5335551080172658,0.0769615192403798,False,0.05,2000,250,250000,2895792316,0.02640199998859316
1000,1026,carryover_crt,1000,two-sided,ok,,-0.2714718331797124,0.5367316341829086,False,0.05,2000,125,125000,4005486606,0.018852599983802065
1000,1026,carryover_crt,2500,two-sided,ok,,-0.5906151178177221,0.2613693153423288,False,0.05,2000,83,43500,903405137,0.014610199985327199
1000,1026,carryover_crt,5000,two-sided,ok,,-0.13809658116302126,0.8700649675162418,False,0.05,2000,41,41000,2369571065,0.011641699995379895
1000,1026,carryover_crt,10000,two-sided,ok,,0.16523999531939626,0.8770614692653673,False,0.05,2000,22,22000,3451574757,0.00978150000446476
1000,1026,total_effect_crt,5000,greater,ok,,6.5423598536551,0.4942528735632184,False,0.05,2000,1,1000,2184678935,0.008156700001563877
1000,1027,anticipation_pirt,-1,greater,ok,,-0.003016975087435952,0.07746126936531735,False,0.05,2000,499,1000,2278680805,0.032674700021743774
1000,1027,carryover_crt,0,two-sided,ok,,0.8492799010823071,0.00399800099950025,True,0.05,2000,250,250000,2540402968,0.041038199997274205
1000,1027,carryover_crt,1000,two-sided,ok,,0.19990959527984262,0.6231884057971014,False,0.05,2000,125,125000,1359271578,0.029253300017444417
1000,1027,carryover_crt,2500,two-sided,ok,,0.4197101572055593,0.4472763618190905,False,0.05,2000,83,43500,1571808583,0.01481459999922663
1000,1027,carryover_crt,5000,two-sided,ok,,-0.029254632832981985,0.968015992003998,False,0.05,2000,41,41000,4026732825,0.01068840001244098
1000,1027,carryover_crt,10000,two-sided,ok,,-0.3807354437326165,0.6896551724137931,False,0.05,2000,22,22000,1513945593,0.009384199976921082
1000,1027,total_effect_crt,5000,greater,ok,,5.625346531689167,0.12143928035982009,False,0.05,2000,3,3000,4253498570,0.010416500008432195
1000,1028,anticipation_pirt,-1,greater,ok,,-0.0011987269292887302,0.4527736131934033,False,0.05,2000,499,1000,3248827397,0.03388309999718331
1000,1028,carryover_crt,0,two-sided,ok,,0.5273767879318296,0.08745627186406797,False,0.05,2000,250,250000,1688868311,0.02794010000070557
1000,1028,carryover_crt,1000,two-sided,ok,,0.2330750346515775,0.5777111444277861,False,0.05,2000,125,125000,2134142702,0.018704299989622086
1000,1028,carryover_crt,2500,two-sided,ok,,0.4887369515615055,0.35782108945527236,False,0.05,2000,83,43500,2843109753,0.016216999996686354
1000,1028,carryover_crt,5000,two-sided,ok,,-0.5995048651622563,0.4367816091954023,False,0.05,2000,41,41000,239252998,0.011048799991840497
1000,1028,carryover_crt,10000,two-sided,ok,,0.23831817623278642,0.8040979510244878,False,0.05,2000,22,22000,745995574,0.009735300001921132
1000,1028,total_effect_crt,5000,greater,ok,,4.049039896577597,0.5022488755622189,False,0.05,2000,1,1000,2765692242,0.008586299984017387
1000,1029,anticipation_pirt,-1,greater,ok,,-0.002316325603521925,0.43778110944527737,False,0.05,2000,499,2000,3028009631,0.028587899985723197
1000,1029,carryover_crt,0,two-sided,ok,,0.687737744484678,0.02348825587206397,True,0.05,2000,250,250000,2961059928,0.026087100006407127
1000,1029,carryover_crt,1000,two-sided,ok,,-0.21932415566104654,0.6111944027986007,False,0.05,2000,125,125000,520678043,0.021229100006166846
1000,1029,carryover_crt,2500,two-sided,ok,,-0.3230429803183819,0.5462268865567217,False,0.05,2000,83,43500,598291759,0.012400600011460483
1000,1029,carryover_crt,5000,two-sided,ok,,0.4840824271769421,0.5462268865567217,False,0.05,2000,41,41000,3696633664,0.00974889998906292
1000,1029,carryover_crt,10000,two-sided,ok,,0.8121908923582258,0.41629185407296354,False,0.05,2000,22,22000,2163227491,0.010281499999109656
1000,1029,total_effect_crt,5000,greater,ok,,3.563239916572968,0.2478760619690155,False,0.05,2000,3,3000,127737642,0.008862599992426112
1000,1030,anticipation_pirt,-1,greater,ok,,0.0029345656487893795,0.9880059970014993,False,0.05,2000,499,1000,4232391863,0.02423300000373274
1000,1030,carryover_crt,0,two-sided,ok,,0.3915804720343203,0.20939530234882558,False,0.05,2000,250,250000,3053223980,0.03078900001128204
1000,1030,carryover_crt,1000,two-sided,ok,,0.27582559348997465,0.5342328835582209,False,0.05,2000,125,125000,3308579045,0.017707599996356294
1000,1030,carryover_crt,2500,two-sided,ok,,-0.11912433563302076,0.8150924537731135,False,0.05,2000,83,43500,1185518143,0.014575600012904033
1000,1030,carryover_crt,5000,two-sided,ok,,0.24461316665552724,0.7381309345327336,False,0.05,2000,41,41000,4181697882,0.010538000002270564
1000,1030,carryover_crt,10000,two-sided,ok,,0.1497681790180504,0.894552723638181,False,0.05,2000,22,22000,1962122484,0.009372000000439584
1000,1030,total_effect_crt,5000,greater,ok,,2.2678532897631327,0.23338330834582707,False,0.05,2000,3,3000,1863198389,0.009503600012976676
1000,1031,anticipation_pirt,-1,greater,ok,,0.002385331482825854,0.8615692153923038,False,0.05,2000,499,1000,163486118,0.025426999985938892
1000,1031,carryover_crt,0,two-sided,ok,,0.5429898268732429,0.06796601699150424,False,0.05,2000,250,250000,1350668141,0.02683909999905154
1000,1031,carryover_crt,1000,two-sided,ok,,0.8840332590060234,0.033483258370814596,True,0.05,2000,125,125000,4183350961,0.020796800003154203
1000,1031,carryover_crt,2500,two-sided,ok,,-0.2285609601728708,0.6546726636681659,False,0.05,2000,83,43500,3134588999,0.012549599981866777
1000,1031,carryover_crt,5000,two-sided,ok,,0.7033770583233819,0.33683158420789605,False,0.05,2000,41,41000,1344976679,0.01116379999439232
1000,1031,carryover_crt,10000,two-sided,ok,,-0.18707181313142865,0.8515742128935532,False,0.05,2000,22,22000,3000157389,0.009315800009062514
1000,1031,total_effect_crt,5000,greater,ok,,3.993364903252572,0.11294352823588207,False,0.05,2000,4,4000,3106099535,0.008941300009610131
1000,1032,anticipation_pirt,-1,greater,ok,,-0.0011582773626246053,0.487256371814093,False,0.05,2000,499,2000,1529879267,0.03297569998539984
1000,1032,carryover_crt,0,two-sided,ok,,0.5280767884091585,0.08395802098950525,False,0.05,2000,250,250000,1906593227,0.029042099980870262
1000,1032,carryover_crt,1000,two-sided,ok,,0.18169647652900217,0.664167916041979,False,0.05,2000,125,125000,649857176,0.01889350000419654
1000,1032,carryover_crt,2500,two-sided,ok,,-0.10468500963596689,0.8355822088955522,False,0.05,2000,83,43500,415171739,0.015360899997176602
1000,1032,carryover_crt,5000,two-sided,ok,,-0.18793804436385997,0.7936031984007996,False,0.05,2000,41,41000,2045123923,0.011809299991000444
1000,1032,carryover_crt,10000,two-sided,ok,,0.4456136266915973,0.6581709145427287,False,0.05,2000,22,22000,1046645776,0.009373799985041842
1000,1032,total_effect_crt,5000,greater,ok,,-2.605759940713644,1.0,False,0.05,2000,1,1000,3526719993,0.008819099981337786
1000,1033,anticipation_pirt,-1,greater,ok,,0.0026563673733259307,0.7236381809095452,False,0.05,2000,499,2000,4181200675,0.026533500000368804
1000,1033,carryover_crt,0,two-sided,ok,,0.28498639332741493,0.3583208395802099,False,0.05,2000,250,250000,2245581118,0.02894040002138354
1000,1033,carryover_crt,1000,two-sided,ok,,0.34196655215182903,0.4337831084457771,False,0.05,2000,125,125000,2573022103,0.020971099991584197
1000,1033,carryover_crt,2500,two-sided,ok,,-0.4193113159445755,0.4512743628185907,False,0.05,2000,83,43500,4083677478,0.01396270000259392
1000,1033,carryover_crt,5000,two-sided,ok,,0.32371999223557557,0.7006496751624188,False,0.05,2000,41,41000,2443085558,0.011617500014835969
1000,1033,carryover_crt,10000,two-sided,ok,,0.3154181754602629,0.7491254372813593,False,0.05,2000,22,22000,2810002328,0.010733300005085766
1000,1033,total_effect_crt,5000,greater,ok,,0.6610199808478355,0.49225387306346824,False,0.05,2000,2,2000,1967703682,0.00908960000379011
1000,1034,anticipation_pirt,-1,greater,ok,,-0.0024776785678788126,0.2653673163418291,False,0.05,2000,499,1000,814899381,0.03238759998930618
1000,1034,carryover_crt,0,two-sided,ok,,0.3831735909792036,0.19790104947526238,False,0.05,2000,250,250000,355135350,0.027807799982838333
1000,1034,carryover_crt,1000,two-sided,ok,,-0.6159307060766518,0.14842578710644677,False,0.05,2000,125,125000,1726892793,0.019550700002582744
1000,1034,carryover_crt,2500,two-sided,ok,,-0.18111739366864227,0.7396301849075462,False,0.05,2000,83,43500,714893806,0.015004800021415576
1000,1034,carryover_crt,5000,two-sided,ok,,0.5405902317101817,0.46776611694152925,False,0.05,2000,41,41000,3363051315,0.011145700002089143
1000,1034,carryover_crt,10000,two-sided,ok,,1.0505908851081676,0.3213393303348326,False,0.05,2000,22,22000,4051562407,0.009002000006148592
1000,1034,total_effect_crt,5000,greater,ok,,-3.189259931206703,1.0,False,0.05,2000,2,2000,3593772170,0.008549899997888133
1000,1035,anticipation_pirt,-1,greater,ok,,0.0022622797555342236,0.7491254372813593,False,0.05,2000,499,1000,298953305,0.026619200012646616
1000,1035,carryover_crt,0,two-sided,ok,,-0.001799600485280152,0.9970014992503748,False,0.05,2000,250,250000,3344984094,0.025574900006176904
1000,1035,carryover_crt,1000,two-sided,ok,,0.7736753425248264,0.07446276861569215,False,0.05,2000,125,125000,2037980490,0.021693899994716048
1000,1035,carryover_crt,2500,two-sided,ok,,0.004089927877287993,0.9930034982508745,False,0.05,2000,83,43500,1952997022,0.015024799999082461
1000,1035,carryover_crt,5000,two-sided,ok,,-0.1943551178413738,0.7996001999000499,False,0.05,2000,41,41000,1588552875,0.011342199984937906
1000,1035,carryover_crt,10000,two-sided,ok,,-0.5220599853013727,0.6346826586706646,False,0.05,2000,22,22000,3282262028,0.00965720001840964
1000,1035,total_effect_crt,5000,greater,ok,,-2.586519943103194,1.0,False,0.05,2000,2,2000,396930922,0.010063800000352785
1000,1036,anticipation_pirt,-1,greater,ok,,-0.00289752770032126,0.0079960019990005,True,0.05,2000,499,2000,1830081137,0.024482900014845654
1000,1036,carryover_crt,0,two-sided,ok,,0.5827773465908915,0.05247376311844078,False,0.05,2000,250,250000,565016074,0.029711699986364692
1000,1036,carryover_crt,1000,two-sided,ok,,0.072576158184886,0.8715642178910544,False,0.05,2000,125,125000,2591019980,0.018679800006793812
1000,1036,carryover_crt,2500,two-sided,ok,,0.19184230936447905,0.7126436781609196,False,0.05,2000,83,43500,4036998116,0.01479679998010397
1000,1036,carryover_crt,5000,two-sided,ok,,-0.3802931618061734,0.6196901549225388,False,0.05,2000,41,41000,2977949813,0.010376999998698011
1000,1036,carryover_crt,10000,two-sided,ok,,-0.2954363575101916,0.791104447776112,False,0.05,2000,22,22000,3865285983,0.009962699987227097
1000,1036,total_effect_crt,5000,greater,ok,,2.208169952109456,0.4782608695652174,False,0.05,2000,2,2000,1902691229,0.008505599980708212
1000,1037,anticipation_pirt,-1,greater,ok,,-0.0024226612614675867,0.24437781109445278,False,0.05,2000,499,2000,1579032241,0.028481999994255602
1000,1037,carryover_crt,0,two-sided,ok,,0.34127775155982376,0.25687156421789104,False,0.05,2000,250,250000,669002189,0.028243500011740252
1000,1037,carryover_crt,1000,two-sided,ok,,0.007714079375445823,0.9855072463768116,False,0.05,2000,125,125000,3301109580,0.021907800022745505
1000,1037,carryover_crt,2500,two-sided,ok,,0.3507818712850292,0.49375312343828087,False,0.05,2000,83,43500,3559798596,0.014839499985100701
1000,1037,carryover_crt,5000,two-sided,ok,,-0.05768487607705887,0.9345327336331835,False,0.05,2000,41,41000,1482468924,0.01183070000843145
1000,1037,carryover_crt,10000,two-sided,ok,,1.332028151276606,0.20739630184907545,False,0.05,2000,22,22000,1947813438,0.011629899992840365
1000,1037,total_effect_crt,5000,greater,ok,,-2.909179924711585,1.0,False,0.05,2000,1,1000,588053848,0.008425700012594461
1000,1038,anticipation_pirt,-1,greater,ok,,-0.002827199422538655,0.04297851074462768,True,0.05,2000,499,2000,2799390681,0.03219349999562837
1000,1038,carryover_crt,0,two-sided,ok,,0.3745175115542114,0.20089955022488756,False,0.05,2000,250,250000,3700874827,0.02744789997814223
1000,1038,carryover_crt,1000,two-sided,ok,,0.03173887946280841,0.9420289855072463,False,0.05,2000,125,125000,1099539519,0.018370699981460348
1000,1038,carryover_crt,2500,two-sided,ok,,0.18100009233691255,0.7246376811594203,False,0.05,2000,83,43500,2152240071,0.01484570000320673
1000,1038,carryover_crt,5000,two-sided,ok,,-1.237072166055441,0.1024487756121939,False,0.05,2000,41,41000,2450779184,0.010723100014729425
1000,1038,carryover_crt,10000,two-sided,ok,,0.35576180900311594,0.7391304347826086,False,0.05,2000,22,22000,500181993,0.009717999986605719
1000,1038,total_effect_crt,5000,greater,ok,,7.835199824921787,0.4917541229385307,False,0.05,2000,1,1000,1237650528,0.008286099997349083
1000,1039,anticipation_pirt,-1,greater,ok,,0.002131139643601489,0.6701649175412294,False,0.05,2000,499,1000,2322421723,0.026089899998623878
1000,1039,carryover_crt,0,two-sided,ok,,0.2514425539445877,0.39030484757621187,False,0.05,2000,250,250000,2119206700,0.027647299983073026
1000,1039,carryover_crt,1000,two-sided,ok,,-0.12532175687032943,0.7651174412793603,False,0.05,2000,125,125000,3088666774,0.021265899995341897
1000,1039,carryover_crt,2500,two-sided,ok,,-0.9764417124177318,0.06596701649175413,False,0.05,2000,83,43500,2594971326,0.013234799989731982
1000,1039,carryover_crt,5000,two-sided,ok,,0.4317048674145851,0.5627186406796602,False,0.05,2000,41,41000,873654619,0.010739200020907447
1000,1039,carryover_crt,10000,two-sided,ok,,-1.6236754162052476,0.10694652673663169,False,0.05,2000,22,22000,520560088,0.01040219998685643
1000,1039,total_effect_crt,5000,greater,ok,,-3.799099914252758,1.0,False,0.05,2000,1,1000,60864694,0.00876659998903051
1000,1040,anticipation_pirt,-1,greater,ok,,-0.002413685102888561,0.23738130934532733,False,0.05,2000,499,1000,262609330,0.03113429999211803
1000,1040,carryover_crt,0,two-sided,ok,,0.4658424688348621,0.111944027986007,False,0.05,2000,250,250000,1365515650,0.02764990000287071
1000,1040,carryover_crt,1000,two-sided,ok,,0.045547518587797965,0.9120439780109945,False,0.05,2000,125,125000,2663061267,0.0196577999740839
1000,1040,carryover_crt,2500,two-sided,ok,,0.4798193626438638,0.3563218390804598,False,0.05,2000,83,43500,2454102037,0.014559300005203113
1000,1040,carryover_crt,5000,two-sided,ok,,0.8527960780395605,0.27636181909045476,False,0.05,2000,41,41000,3281210900,0.010021900001447648
1000,1040,carryover_crt,10000,two-sided,ok,,0.0034990914286200077,0.9985007496251874,False,0.05,2000,22,22000,111480102,0.010487999999895692
1000,1040,total_effect_crt,5000,greater,unavailable,no realized constant section contains focal events,,,False,0.05,2000,0,0,2739100965,0.007922499993583187
1000,1041,anticipation_pirt,-1,greater,ok,,-0.0025598846448457,0.2383808095952024,False,0.05,2000,499,1000,2326908831,0.026662599993869662
1000,1041,carryover_crt,0,two-sided,ok,,0.8350437409529983,0.006496751624187906,True,0.05,2000,250,250000,544857029,0.027646300004562363
1000,1041,carryover_crt,1000,two-sided,ok,,0.28968079457402235,0.5092453773113443,False,0.05,2000,125,125000,4206874995,0.021334100019885227
1000,1041,carryover_crt,2500,two-sided,ok,,-0.14311710547212378,0.7936031984007996,False,0.05,2000,83,43500,96018293,0.013399100018432364
1000,1041,carryover_crt,5000,two-sided,ok,,-0.14855707071230909,0.8430784607696152,False,0.05,2000,41,41000,1649882577,0.011353800015058368
1000,1041,carryover_crt,10000,two-sided,ok,,0.40537089890478684,0.704647676161919,False,0.05,2000,22,22000,1765680804,0.010398599988548085
1000,1041,total_effect_crt,5000,greater,ok,,3.110606594135364,0.24537731134432783,False,0.05,2000,3,3000,117749631,0.008892299985745922
1000,1042,anticipation_pirt,-1,greater,ok,,0.0017987687353793666,0.5922038980509745,False,0.05,2000,499,2000,1445925690,0.03282760002184659
1000,1042,carryover_crt,0,two-sided,ok,,-0.1556946368183195,0.5857071464267866,False,0.05,2000,250,250000,275588081,0.030637299991212785
1000,1042,carryover_crt,1000,two-sided,ok,,-0.28703695311352606,0.48825587206396803,False,0.05,2000,125,125000,2386934728,0.01858240002184175
1000,1042,carryover_crt,2500,two-sided,ok,,-1.0000052775411004,0.05697151424287856,False,0.05,2000,83,43500,1372309443,0.014823100005742162
1000,1042,carryover_crt,5000,two-sided,ok,,0.3851775518747547,0.5802098950524738,False,0.05,2000,41,41000,3213180097,0.010286400007316843
1000,1042,carryover_crt,10000,two-sided,ok,,-0.9470445240637795,0.32233883058470764,False,0.05,2000,22,22000,2191737360,0.009219500003382564
1000,1042,total_effect_crt,5000,greater,ok,,-3.848969912013039,1.0,False,0.05,2000,4,4000,2928838141,0.008561099995858967
1000,1043,anticipation_pirt,-1,greater,ok,,0.003568968153333297,0.9170414792603698,False,0.05,2000,499,2000,3843803176,0.024979500012705103
1000,1043,carryover_crt,0,two-sided,ok,,0.42882703052906684,0.16141929035482258,False,0.05,2000,250,250000,2549341864,0.026094300003023818
1000,1043,carryover_crt,1000,two-sided,ok,,0.6697574256644249,0.11544227886056972,False,0.05,2000,125,125000,3425888804,0.021404099999926984
1000,1043,carryover_crt,2500,two-sided,ok,,-0.8786165584664029,0.09945027486256872,False,0.05,2000,83,43500,1974578367,0.014151500014122576
1000,1043,carryover_crt,5000,two-sided,ok,,0.22447316520315838,0.775112443778111,False,0.05,2000,41,41000,2561070079,0.010113199998158962
1000,1043,carryover_crt,10000,two-sided,ok,,1.9052108642198144,0.05147426286856572,False,0.05,2000,22,22000,3932648957,0.009386199992150068
1000,1043,total_effect_crt,5000,greater,ok,,-3.785699915111065,1.0,False,0.05,2000,2,2000,2207079331,0.008459700009552762
1000,1044,anticipation_pirt,-1,greater,ok,,0.002318636880493969,0.9805097451274363,False,0.05,2000,499,1000,1854869425,0.03180369999608956
1000,1044,carryover_crt,0,two-sided,ok,,0.2970501531774996,0.30484757621189407,False,0.05,2000,250,250000,3348236507,0.026952499989420176
1000,1044,carryover_crt,1000,two-sided,ok,,-0.44363407006075983,0.29535232383808097,False,0.05,2000,125,125000,2174747104,0.022676699998555705
1000,1044,carryover_crt,2500,two-sided,ok,,0.19718775368436986,0.6921539230384808,False,0.05,2000,83,43500,2342565330,0.015159100003074855
1000,1044,carryover_crt,5000,two-sided,ok,,-1.2466302163624543,0.07896051974012994,False,0.05,2000,41,41000,2700285196,0.0105549999861978
1000,1044,carryover_crt,10000,two-sided,ok,,1.594869053808972,0.13343328335832083,False,0.05,2000,22,22000,3747813055,0.009666399972047657
1000,1044,total_effect_crt,5000,greater,ok,,6.845639839589595,0.5087456271864068,False,0.05,2000,1,1000,3403598849,0.008632500015664846
1000,1045,anticipation_pirt,-1,greater,ok,,0.0037017423729492067,0.7716141929035483,False,0.05,2000,499,2000,1639204803,0.03509319998556748
1000,1045,carryover_crt,0,two-sided,ok,,0.5120004679460974,0.08445777111444278,False,0.05,2000,250,250000,3831394837,0.03373299998929724
1000,1045,carryover_crt,1000,two-sided,ok,,-0.45928158963513377,0.303848075962019,False,0.05,2000,125,125000,1648055842,0.02224749999004416
1000,1045,carryover_crt,2500,two-sided,ok,,0.28254678896024643,0.5877061469265368,False,0.05,2000,83,43500,599541478,0.014712500007590279
1000,1045,carryover_crt,5000,two-sided,ok,,-1.8524023979954967,0.012993503248375811,True,0.05,2000,41,41000,2610341963,0.010860799986403435
1000,1045,carryover_crt,10000,two-sided,ok,,0.03273635998063474,0.9785107446276862,False,0.05,2000,22,22000,405383888,0.008924299996579066
1000,1045,total_effect_crt,5000,greater,ok,,0.5084866531044244,0.496751624187906,False,0.05,2000,3,3000,553638341,0.013551199983339757
1000,1046,anticipation_pirt,-1,greater,ok,,-0.001641543909954612,0.4587706146926537,False,0.05,2000,499,1000,3470979969,0.03264970000600442
1000,1046,carryover_crt,0,two-sided,ok,,0.4123945511953234,0.16241879060469766,False,0.05,2000,250,250000,2561756524,0.028148300014436245
1000,1046,carryover_crt,1000,two-sided,ok,,-0.28202607351791853,0.511744127936032,False,0.05,2000,125,125000,321744980,0.018345499993301928
1000,1046,carryover_crt,2500,two-sided,ok,,-0.4150185928530184,0.4222888555722139,False,0.05,2000,83,43500,600453204,0.014356399973621592
1000,1046,carryover_crt,5000,two-sided,ok,,0.6372897411833814,0.39730134932533734,False,0.05,2000,41,41000,4173834618,0.011336800002027303
1000,1046,carryover_crt,10000,two-sided,ok,,-0.8894963451153175,0.3733133433283358,False,0.05,2000,22,22000,3092600267,0.009523600019747391
1000,1046,total_effect_crt,5000,greater,ok,,-1.124464972652495,0.744127936031984,False,0.05,2000,4,4000,2966013974,0.008632000011857599
1000,1047,anticipation_pirt,-1,greater,ok,,0.002658921554788157,0.9300349825087456,False,0.05,2000,499,2000,2363960079,0.026411999977426603
1000,1047,carryover_crt,0,two-sided,ok,,0.3084707134183197,0.3118440779610195,False,0.05,2000,250,250000,1256583211,0.028678699978627264
1000,1047,carryover_crt,1000,two-sided,ok,,0.32495167292669414,0.45377311344327836,False,0.05,2000,125,125000,1890278092,0.030691699997987598
1000,1047,carryover_crt,2500,two-sided,ok,,-0.8605815715187465,0.10744627686156921,False,0.05,2000,83,43500,2270958228,0.01798830000916496
1000,1047,carryover_crt,5000,two-sided,ok,,0.5473902307339013,0.4897551224387806,False,0.05,2000,41,41000,1533798769,0.0135520999901928
1000,1047,carryover_crt,10000,two-sided,ok,,-0.9929508871840823,0.33233383308345826,False,0.05,2000,22,22000,3709258160,0.012631299992790446
1000,1047,total_effect_crt,5000,greater,ok,,-2.5953532729198536,1.0,False,0.05,2000,3,3000,3629696963,0.01043200001004152
1000,1048,anticipation_pirt,-1,greater,ok,,0.002960803370843331,0.928535732133933,False,0.05,2000,499,2000,1648485774,0.03416840001591481
1000,1048,carryover_crt,0,two-sided,ok,,0.28705023324725026,0.34182908545727136,False,0.05,2000,250,250000,1920492305,0.03199339998536743
1000,1048,carryover_crt,1000,two-sided,ok,,-0.27747375226119175,0.5167416291854073,False,0.05,2000,125,125000,19362487,0.018669200013391674
1000,1048,carryover_crt,2500,two-sided,ok,,-0.10558332201149077,0.8520739630184908,False,0.05,2000,83,43500,2667992594,0.01462629999150522
1000,1048,carryover_crt,5000,two-sided,ok,,-0.5619653525141681,0.4682658670664668,False,0.05,2000,41,41000,3099908064,0.011289399990346283
1000,1048,carryover_crt,10000,two-sided,ok,,-1.2379981546129353,0.223888055972014,False,0.05,2000,22,22000,2513870305,0.009018999990075827
1000,1048,total_effect_crt,5000,greater,ok,,2.0089299480617044,0.504247876061969,False,0.05,2000,2,2000,1987901747,0.010267699981341138
1000,1049,anticipation_pirt,-1,greater,ok,,0.0030006163914232946,0.8895552223888056,False,0.05,2000,499,2000,1911609403,0.025866199983283877
1000,1049,carryover_crt,0,two-sided,ok,,0.37012167091180387,0.22488755622188905,False,0.05,2000,250,250000,4197614310,0.02515940001467243
1000,1049,carryover_crt,1000,two-sided,ok,,0.1182804780890345,0.8000999500249875,False,0.05,2000,125,125000,1559296733,0.023127300024498254
1000,1049,carryover_crt,2500,two-sided,ok,,0.3564404725702951,0.48575712143928035,False,0.05,2000,83,43500,3239675685,0.01353729999391362
1000,1049,carryover_crt,5000,two-sided,ok,,-0.8304619312993274,0.24887556221889057,False,0.05,2000,41,41000,1539142931,0.011915600014617667
1000,1049,carryover_crt,10000,two-sided,ok,,-0.5331627159518274,0.6426786606696652,False,0.05,2000,22,22000,3168176868,0.010071400000015274
1000,1049,total_effect_crt,5000,greater,ok,,-2.836719940662384,1.0,False,0.05,2000,1,1000,1975140078,0.008921000000555068
1000,1050,anticipation_pirt,-1,greater,ok,,0.0025707797201611733,0.7466266866566716,False,0.05,2000,499,1000,1640224352,0.03188320001936518
1000,1050,carryover_crt,0,two-sided,ok,,0.06741487877878541,0.8220889555222389,False,0.05,2000,250,250000,171781559,0.029343999980483204
1000,1050,carryover_crt,1000,two-sided,ok,,-0.05876799777242541,0.8765617191404298,False,0.05,2000,125,125000,710019957,0.01838379999389872
1000,1050,carryover_crt,2500,two-sided,ok,,-0.31962784703975355,0.545727136431784,False,0.05,2000,83,43500,2740567612,0.013988099992275238
1000,1050,carryover_crt,5000,two-sided,ok,,0.12256585070745254,0.8765617191404298,False,0.05,2000,41,41000,507071771,0.009977400011848658
1000,1050,carryover_crt,10000,two-sided,ok,,-1.3175899675583298,0.1854072963518241,False,0.05,2000,22,22000,1586753423,0.009098300011828542
1000,1050,total_effect_crt,5000,greater,ok,,-1.3439633018573125,0.7941029485257372,False,0.05,2000,6,6000,3033503298,0.008608800009824336
1000,1051,anticipation_pirt,-1,greater,ok,,0.0026892738961547613,0.7346326836581709,False,0.05,2000,499,1000,1123479445,0.02750900000683032
1000,1051,carryover_crt,0,two-sided,ok,,0.16537527592413118,0.5742128935532234,False,0.05,2000,250,250000,986761441,0.026777799997944385
1000,1051,carryover_crt,1000,two-sided,ok,,0.5570039880169927,0.17991004497751126,False,0.05,2000,125,125000,296306129,0.02254700000048615
1000,1051,carryover_crt,2500,two-sided,ok,,-0.23547343955061523,0.6526736631684158,False,0.05,2000,83,43500,2192610948,0.013386500009801239
1000,1051,carryover_crt,5000,two-sided,ok,,-0.4896097447465106,0.5187406296851574,False,0.05,2000,41,41000,3930697823,0.010562100011156872
1000,1051,carryover_crt,10000,two-sided,ok,,-1.047952705572444,0.3023488255872064,False,0.05,2000,22,22000,2308014141,0.009227899980032817
1000,1051,total_effect_crt,5000,greater,ok,,1.3129549689702689,0.30684657671164417,False,0.05,2000,4,4000,2124470348,0.009164400020381436
1000,1052,anticipation_pirt,-1,greater,ok,,-0.0021457802316338544,0.12543728135932034,False,0.05,2000,499,1000,1767908487,0.03150059998733923
1000,1052,carryover_crt,0,two-sided,ok,,0.20716999548664694,0.49725137431284355,False,0.05,2000,250,250000,2501875146,0.028509899973869324
1000,1052,carryover_crt,1000,two-sided,ok,,0.3476052721402347,0.4357821089455272,False,0.05,2000,125,125000,1224274649,0.020379100024001673
1000,1052,carryover_crt,2500,two-sided,ok,,-1.202634380402856,0.03298350824587706,True,0.05,2000,83,43500,167272118,0.01615550002316013
1000,1052,carryover_crt,5000,two-sided,ok,,0.6545102291065381,0.40379810094952523,False,0.05,2000,41,41000,571516392,0.012074199999915436
1000,1052,carryover_crt,10000,two-sided,ok,,-1.8206217753838068,0.08295852073963018,False,0.05,2000,22,22000,2942898645,0.009084600023925304
1000,1052,total_effect_crt,5000,greater,ok,,2.115326618552208,0.2513743128435782,False,0.05,2000,3,3000,3635652392,0.008750899985898286
1000,1053,anticipation_pirt,-1,greater,ok,,-0.002303878261365029,0.4572713643178411,False,0.05,2000,499,1500,1316431315,0.02902759998687543
1000,1053,carryover_crt,0,two-sided,ok,,0.9950104573311062,0.001999000499750125,True,0.05,2000,250,250000,154184431,0.027025100018363446
1000,1053,carryover_crt,1000,two-sided,ok,,-0.46202030879831313,0.2893553223388306,False,0.05,2000,125,125000,1469270053,0.023195299989311025
1000,1053,carryover_crt,2500,two-sided,ok,,0.40804741277964,0.41529235382308843,False,0.05,2000,83,43500,7827922,0.01274480001302436
1000,1053,carryover_crt,5000,two-sided,ok,,-0.8073536403518988,0.2673663168415792,False,0.05,2000,41,41000,1059219098,0.010875599982682616
1000,1053,carryover_crt,10000,two-sided,ok,,-0.5199772616340358,0.5977011494252874,False,0.05,2000,22,22000,1465109051,0.009897999989334494
1000,1053,total_effect_crt,5000,greater,ok,,7.059599831163883,0.248375812093953,False,0.05,2000,2,2000,4275840957,0.00871319998987019
1000,1054,anticipation_pirt,-1,greater,ok,,0.0020911495096967735,0.6501749125437282,False,0.05,2000,499,1000,1874536627,0.03256880000117235
1000,1054,carryover_crt,0,two-sided,ok,,0.36745311184884605,0.21189405297351324,False,0.05,2000,250,250000,3845665374,0.02806900002178736
1000,1054,carryover_crt,1000,two-sided,ok,,-0.12202367651116856,0.7666166916541729,False,0.05,2000,125,125000,3825331432,0.017759400012437254
1000,1054,carryover_crt,2500,two-sided,ok,,-0.16256163481346456,0.7311344327836082,False,0.05,2000,83,43500,783795216,0.014465599990217015
1000,1054,carryover_crt,5000,two-sided,ok,,-0.9296990047774116,0.21539230384807595,False,0.05,2000,41,41000,1017887946,0.012528899998869747
1000,1054,carryover_crt,10000,two-sided,ok,,-1.6004281441242518,0.09245377311344327,False,0.05,2000,22,22000,410964121,0.011502100009238347
1000,1054,total_effect_crt,5000,greater,ok,,4.123079902559518,0.49325337331334335,False,0.05,2000,1,1000,4261697470,0.008664799999678507
1000,1055,anticipation_pirt,-1,greater,ok,,0.0032305306554593727,0.5577211394302849,False,0.05,2000,499,2000,2396315128,0.02689390000887215
1000,1055,carryover_crt,0,two-sided,ok,,0.8284943006605952,0.0069965017491254375,True,0.05,2000,250,250000,1883884222,0.025907899980666116
1000,1055,carryover_crt,1000,two-sided,ok,,0.35140351174050566,0.42528735632183906,False,0.05,2000,125,125000,2888480632,0.021011300006648526
1000,1055,carryover_crt,2500,two-sided,ok,,1.225113707492276,0.017491254372813594,True,0.05,2000,83,43500,3291111592,0.01335229998221621
1000,1055,carryover_crt,5000,two-sided,ok,,0.5312209618853904,0.48225887056471767,False,0.05,2000,41,41000,3070377441,0.010234499990474433
1000,1055,carryover_crt,10000,two-sided,ok,,1.4286099671238865,0.19540229885057472,False,0.05,2000,22,22000,20628903,0.008848999976180494
1000,1055,total_effect_crt,5000,greater,ok,,5.71990986610204,0.059470264867566215,False,0.05,2000,4,4000,1784718626,0.009602800011634827
1000,1056,anticipation_pirt,-1,greater,ok,,0.0022938605194551113,0.7041479260369815,False,0.05,2000,499,2000,151145128,0.032655199989676476
1000,1056,carryover_crt,0,two-sided,ok,,0.46138622923313083,0.11044477761119441,False,0.05,2000,250,250000,1223038602,0.02826770002138801
1000,1056,carryover_crt,1000,two-sided,ok,,-0.19047935545250783,0.656671664167916,False,0.05,2000,125,125000,3150009093,0.018141800013836473
1000,1056,carryover_crt,2500,two-sided,ok,,0.12024780519055306,0.8120939530234883,False,0.05,2000,83,43500,501986272,0.014510599983623251
1000,1056,carryover_crt,5000,two-sided,ok,,-1.4011614337499003,0.050474762618690654,False,0.05,2000,41,41000,3225541069,0.010521100019104779
1000,1056,carryover_crt,10000,two-sided,ok,,0.409229995918206,0.6981509245377311,False,0.05,2000,22,22000,329015010,0.009855299984337762
1000,1056,total_effect_crt,5000,greater,unavailable,no realized constant section contains focal events,,,False,0.05,2000,0,0,3562808091,0.008056400023633614
1000,1057,anticipation_pirt,-1,greater,ok,,-0.0024443555660688147,0.05347326336831584,False,0.05,2000,499,1000,2011623811,0.027856200002133846
1000,1057,carryover_crt,0,two-sided,ok,,-0.0665911983224004,0.8285857071464268,False,0.05,2000,250,250000,3652730634,0.025633799989009276
1000,1057,carryover_crt,1000,two-sided,ok,,-0.011120000515729221,0.9815092453773113,False,0.05,2000,125,125000,2429328403,0.02234699999098666
1000,1057,carryover_crt,2500,two-sided,ok,,-0.46229540939979175,0.36231884057971014,False,0.05,2000,83,43500,1760804811,0.012752499984344468
1000,1057,carryover_crt,5000,two-sided,ok,,-0.6008463295108479,0.431784107946027,False,0.05,2000,41,41000,615125433,0.010783600009744987
1000,1057,carryover_crt,10000,two-sided,ok,,0.11530908892439169,0.9165417291354323,False,0.05,2000,22,22000,2863047713,0.010171899979468435
1000,1057,total_effect_crt,5000,greater,ok,,-2.3503799462864796,1.0,False,0.05,2000,3,3000,263669925,0.00885400001425296
1000,1058,anticipation_pirt,-1,greater,ok,,-0.0030188424079539895,0.05147426286856572,False,0.05,2000,499,1000,1037034151,0.03248969998094253
1000,1058,carryover_crt,0,two-sided,ok,,0.7865480616173148,0.006496751624187906,True,0.05,2000,250,250000,1975153133,0.028489300020737574
1000,1058,carryover_crt,1000,two-sided,ok,,0.15053343688744325,0.7021489255372314,False,0.05,2000,125,125000,32397073,0.02001510001718998
1000,1058,carryover_crt,2500,two-sided,ok,,-0.029979949886450485,0.952023988005997,False,0.05,2000,83,43500,3328699171,0.014502399979392067
1000,1058,carryover_crt,5000,two-sided,ok,,0.9663716847770278,0.15642178910544727,False,0.05,2000,41,41000,2612748763,0.010088899987749755
1000,1058,carryover_crt,10000,two-sided,ok,,0.8667736174266107,0.39780109945027486,False,0.05,2000,22,22000,3122367057,0.009120200003962964
1000,1058,total_effect_crt,5000,greater,ok,,-1.0276349707096815,0.7556221889055472,False,0.05,2000,4,4000,3721434897,0.008542199997464195
1000,1059,anticipation_pirt,-1,greater,ok,,0.0015047433843475805,0.5667166416791605,False,0.05,2000,499,1000,3786184792,0.028441200003726408
1000,1059,carryover_crt,0,two-sided,ok,,0.8588679805456849,0.005497251374312844,True,0.05,2000,250,250000,143142320,0.028382100019371137
1000,1059,carryover_crt,1000,two-sided,ok,,0.5189979078506232,0.21839080459770116,False,0.05,2000,125,125000,2463724325,0.02492650001659058
1000,1059,carryover_crt,2500,two-sided,ok,,-0.236450114292786,0.6671664167916042,False,0.05,2000,83,43500,1485816239,0.01534789998549968
1000,1059,carryover_crt,5000,two-sided,ok,,0.3217746276905443,0.697151424287856,False,0.05,2000,41,41000,14459991,0.00983480000286363
1000,1059,carryover_crt,10000,two-sided,ok,,-1.0197217959756537,0.3523238380809595,False,0.05,2000,22,22000,1103002614,0.009318399999756366
1000,1059,total_effect_crt,5000,greater,ok,,3.4210265883555016,0.23638180909545228,False,0.05,2000,3,3000,3802560044,0.009695299988379702
1000,1060,anticipation_pirt,-1,greater,ok,,-0.002237072073488049,0.07946026986506746,False,0.05,2000,499,2000,3444413204,0.030825800000457093
1000,1060,carryover_crt,0,two-sided,ok,,0.8264369414300472,0.004997501249375313,True,0.05,2000,250,250000,3192396832,0.025949999981094152
1000,1060,carryover_crt,1000,two-sided,ok,,-0.19612367479470386,0.6141929035482259,False,0.05,2000,125,125000,129641538,0.018985699978657067
1000,1060,carryover_crt,2500,two-sided,ok,,-0.2894868350814803,0.5797101449275363,False,0.05,2000,83,43500,1330186702,0.014519000018481165
1000,1060,carryover_crt,5000,two-sided,ok,,-0.1694990207823674,0.8215892053973014,False,0.05,2000,41,41000,373654933,0.009960299998056144
1000,1060,carryover_crt,10000,two-sided,ok,,0.37730362837355247,0.6976511744127936,False,0.05,2000,22,22000,3629161888,0.00906449998728931
1000,1060,total_effect_crt,5000,greater,unavailable,no realized constant section contains focal events,,,False,0.05,2000,0,0,289117580,0.008047100011026487
1000,1061,anticipation_pirt,-1,greater,ok,,-0.0037169804378987094,0.20839580209895053,False,0.05,2000,499,2000,1311589249,0.02668379998067394
1000,1061,carryover_crt,0,two-sided,ok,,0.2132736750697195,0.4767616191904048,False,0.05,2000,250,250000,3354180918,0.02611490001436323
1000,1061,carryover_crt,1000,two-sided,ok,,0.1001820789294242,0.8120939530234883,False,0.05,2000,125,125000,64773109,0.021996600000420585
1000,1061,carryover_crt,2500,two-sided,ok,,-0.3859210506478168,0.47276361819090457,False,0.05,2000,83,43500,1537870286,0.01307220000308007
1000,1061,carryover_crt,5000,two-sided,ok,,0.050668777505980714,0.9440279860069966,False,0.05,2000,41,41000,3950157957,0.01010449999012053
1000,1061,carryover_crt,10000,two-sided,ok,,0.6420854396588086,0.5552223888055972,False,0.05,2000,22,22000,344707701,0.010445899999467656
1000,1061,total_effect_crt,5000,greater,ok,,8.41115982040763,0.49375312343828087,False,0.05,2000,1,1000,3811094482,0.00835019999067299
1000,1062,anticipation_pirt,-1,greater,ok,,-0.001575387075836442,0.3373313343328336,False,0.05,2000,499,1000,2899053963,0.041197000013198704
1000,1062,carryover_crt,0,two-sided,ok,,0.5790707076671272,0.053973013493253376,False,0.05,2000,250,250000,1821230068,0.04269689999637194
1000,1062,carryover_crt,1000,two-sided,ok,,0.5780607866159378,0.16741629185407297,False,0.05,2000,125,125000,3269983088,0.026084500015713274
1000,1062,carryover_crt,2500,two-sided,ok,,0.4002663023959081,0.43778110944527737,False,0.05,2000,83,43500,4033341321,0.016072900005383417
1000,1062,carryover_crt,5000,two-sided,ok,,1.1153419251591876,0.13543228385807096,False,0.05,2000,41,41000,24456874,0.011591599992243573
1000,1062,carryover_crt,10000,two-sided,ok,,0.4803618073283946,0.638680659670165,False,0.05,2000,22,22000,4088647435,0.010316200001398101
1000,1062,total_effect_crt,5000,greater,ok,,2.4233999467591443,0.2563718140929535,False,0.05,2000,3,3000,1233597396,0.008949899987783283
1000,1063,anticipation_pirt,-1,greater,ok,,-0.0015797107773412298,0.28235882058970513,False,0.05,2000,499,1000,1742081016,0.02568809999502264
1000,1063,carryover_crt,0,two-sided,ok,,0.7917756620856226,0.015492253873063468,True,0.05,2000,250,250000,1616183277,0.026970200007781386
1000,1063,carryover_crt,1000,two-sided,ok,,0.1546537564659119,0.7381309345327336,False,0.05,2000,125,125000,3052966463,0.02264939999440685
1000,1063,carryover_crt,2500,two-sided,ok,,-0.032736673973518635,0.9500249875062469,False,0.05,2000,83,43500,1332225243,0.014811200002441183
1000,1063,carryover_crt,5000,two-sided,ok,,-0.2820619428354065,0.7161419290354822,False,0.05,2000,41,41000,1000809124,0.011372200009645894
1000,1063,carryover_crt,10000,two-sided,ok,,-0.5543027142645283,0.6051974012993503,False,0.05,2000,22,22000,741931372,0.009483899979386479
1000,1063,total_effect_crt,5000,greater,ok,,2.1363428096207127,0.17391304347826086,False,0.05,2000,7,7000,2020992849,0.008796499983873218
1000,1064,anticipation_pirt,-1,greater,ok,,-0.0031141020002440566,0.4292853573213393,False,0.05,2000,499,2000,3657570802,0.030125999997835606
1000,1064,carryover_crt,0,two-sided,ok,,0.5159843884570451,0.07746126936531735,False,0.05,2000,250,250000,67843144,0.0311791000131052
1000,1064,carryover_crt,1000,two-sided,ok,,-0.4457452694331111,0.30134932533733133,False,0.05,2000,125,125000,3091042487,0.018040599999949336
1000,1064,carryover_crt,2500,two-sided,ok,,-0.3937377257082837,0.440279860069965,False,0.05,2000,83,43500,3789785450,0.014730299997609109
1000,1064,carryover_crt,5000,two-sided,ok,,-0.6959321784699655,0.3473263368315842,False,0.05,2000,41,41000,248229797,0.010219199990388006
1000,1064,carryover_crt,10000,two-sided,ok,,0.40012998928315907,0.679160419790105,False,0.05,2000,22,22000,2935903129,0.008983400010038167
1000,1064,total_effect_crt,5000,greater,unavailable,no realized constant section contains focal events,,,False,0.05,2000,0,0,3169255439,0.007835399999748915
1000,1065,anticipation_pirt,-1,greater,ok,,0.0019770000828185728,0.7276361819090454,False,0.05,2000,499,1000,2452679184,0.027734500006772578
1000,1065,carryover_crt,0,two-sided,ok,,0.21486015550398826,0.4547726136931534,False,0.05,2000,250,250000,2155660778,0.025737299991305918
1000,1065,carryover_crt,1000,two-sided,ok,,-0.05118415966844559,0.8920539730134932,False,0.05,2000,125,125000,2257910521,0.02223289999528788
1000,1065,carryover_crt,2500,two-sided,ok,,-0.8562849917937114,0.08195902048975512,False,0.05,2000,83,43500,3614989463,0.013623000006191432
1000,1065,carryover_crt,5000,two-sided,ok,,-0.1787360932433567,0.7936031984007996,False,0.05,2000,41,41000,2003909115,0.01010889999452047
1000,1065,carryover_crt,10000,two-sided,ok,,-1.5221890576657926,0.11644177911044477,False,0.05,2000,22,22000,4201220587,0.010650200012605637
1000,1065,total_effect_crt,5000,greater,ok,,-3.503333252991239,1.0,False,0.05,2000,3,3000,3740084385,0.009917599993059412
1000,1066,anticipation_pirt,-1,greater,ok,,0.0027770136107214383,0.9575212393803099,False,0.05,2000,499,2000,766245909,0.032972600020002574
1000,1066,carryover_crt,0,two-sided,ok,,0.2573018335449398,0.3773113443278361,False,0.05,2000,250,250000,2972087134,0.027981099992757663
1000,1066,carryover_crt,1000,two-sided,ok,,-0.3987579104782046,0.35932033983008493,False,0.05,2000,125,125000,3990504618,0.018668500008061528
1000,1066,carryover_crt,2500,two-sided,ok,,-0.18446698328549246,0.7246376811594203,False,0.05,2000,83,43500,330313493,0.01601449999725446
1000,1066,carryover_crt,5000,two-sided,ok,,-1.487471673010417,0.04897551224387806,True,0.05,2000,41,41000,2425937311,0.011802199995145202
1000,1066,carryover_crt,10000,two-sided,ok,,-0.028280000670728344,0.9760119940029985,False,0.05,2000,22,22000,1184506289,0.009269900008803234
1000,1066,total_effect_crt,5000,greater,ok,,-0.5329439870409668,0.6261869065467266,False,0.05,2000,5,5000,147071065,0.009292100003222004
1000,1067,anticipation_pirt,-1,greater,ok,,0.0017784573913979139,0.5797101449275363,False,0.05,2000,499,1000,2394657778,0.025326300004962832
1000,1067,carryover_crt,0,two-sided,ok,,0.7858494224014729,0.0074962518740629685,True,0.05,2000,250,250000,139727545,0.025975199998356402
1000,1067,carryover_crt,1000,two-sided,ok,,-0.013540480737954375,0.968015992003998,False,0.05,2000,125,125000,1324061567,0.02242689998820424
1000,1067,carryover_crt,2500,two-sided,ok,,-0.06991257585595897,0.8860569715142429,False,0.05,2000,83,43500,1070002433,0.013566400011768565
1000,1067,carryover_crt,5000,two-sided,ok,,-0.5114287668789124,0.5147426286856571,False,0.05,2000,41,41000,3144748699,0.010094600002048537
1000,1067,carryover_crt,10000,two-sided,ok,,1.3744054232007736,0.14292853573213393,False,0.05,2000,22,22000,4114766453,0.010293900006217882
1000,1067,total_effect_crt,5000,greater,ok,,-3.6673399139046667,1.0,False,0.05,2000,1,1000,959921884,0.008340100001078099
1000,1068,anticipation_pirt,-1,greater,ok,,0.001672284870380815,0.7796101949025487,False,0.05,2000,499,1000,4178024979,0.03174639999633655
1000,1068,carryover_crt,0,two-sided,ok,,0.4799491888784767,0.095952023988006,False,0.05,2000,250,250000,419591489,0.0282778000109829
1000,1068,carryover_crt,1000,two-sided,ok,,-0.7495825432280004,0.06846576711644178,False,0.05,2000,125,125000,2702718698,0.017701200005831197
1000,1068,carryover_crt,2500,two-sided,ok,,-0.09742900927982412,0.8465767116441779,False,0.05,2000,83,43500,444648924,0.01453459999174811
1000,1068,carryover_crt,5000,two-sided,ok,,-0.7417643729269323,0.3213393303348326,False,0.05,2000,41,41000,269623540,0.010439600009704009
1000,1068,carryover_crt,10000,two-sided,ok,,-0.6085327140451832,0.5182408795602199,False,0.05,2000,22,22000,4269667660,0.00937569999950938
1000,1068,total_effect_crt,5000,greater,ok,,6.374359856009483,0.2463768115942029,False,0.05,2000,2,2000,1780893556,0.009067000006325543
1000,1069,anticipation_pirt,-1,greater,ok,,-0.0014658762520648161,0.2538730634682659,False,0.05,2000,499,2000,478893454,0.0270021999895107
1000,1069,carryover_crt,0,two-sided,ok,,-0.30097327299684284,0.2978510744627686,False,0.05,2000,250,250000,281554922,0.025328399991849437
1000,1069,carryover_crt,1000,two-sided,ok,,0.4837670283974708,0.24387806096951525,False,0.05,2000,125,125000,1457915809,0.02001370000652969
1000,1069,carryover_crt,2500,two-sided,ok,,-0.7508640780147658,0.1714142928535732,False,0.05,2000,83,43500,3970444040,0.01390190000529401
1000,1069,carryover_crt,5000,two-sided,ok,,0.8070575422934463,0.2753623188405797,False,0.05,2000,41,41000,3928900931,0.011100500007160008
1000,1069,carryover_crt,10000,two-sided,ok,,1.0414608863077377,0.2913543228385807,False,0.05,2000,22,22000,1582352527,0.009012199996504933
1000,1069,total_effect_crt,5000,greater,ok,,-0.5393714160088982,0.6381809095452274,False,0.05,2000,7,7000,507058435,0.00982139998814091
1000,1070,anticipation_pirt,-1,greater,ok,,0.0018957817037563518,0.6016991504247876,False,0.05,2000,499,1000,4045102295,0.026875400013523176
1000,1070,carryover_crt,0,two-sided,ok,,0.5746299863031507,0.053973013493253376,False,0.05,2000,250,250000,1010590755,0.029378500010352582
1000,1070,carryover_crt,1000,two-sided,ok,,0.8316196607262194,0.047976011994003,True,0.05,2000,125,125000,4116965893,0.01748429998406209
1000,1070,carryover_crt,2500,two-sided,ok,,0.15286785200735536,0.7666166916541729,False,0.05,2000,83,43500,639896687,0.015346800006227568
1000,1070,carryover_crt,5000,two-sided,ok,,-0.04168731617945717,0.9420289855072463,False,0.05,2000,41,41000,4077480042,0.010220500000286847
1000,1070,carryover_crt,10000,two-sided,ok,,-0.7491318031671372,0.4642678660669665,False,0.05,2000,22,22000,2894024604,0.009292200003983453
1000,1070,total_effect_crt,5000,greater,ok,,5.145106545021137,0.1409295352323838,False,0.05,2000,3,3000,1749765118,0.008503599994583055
1000,1071,anticipation_pirt,-1,greater,ok,,-0.003137845106333218,0.09795102448775612,False,0.05,2000,499,2000,3401705,0.025106599990976974
1000,1071,carryover_crt,0,two-sided,ok,,0.6242611853276788,0.04697651174412794,True,0.05,2000,250,250000,3266494459,0.025432499998714775
1000,1071,carryover_crt,1000,two-sided,ok,,0.6106836660260558,0.1424287856071964,False,0.05,2000,125,125000,3785826266,0.02215269999578595
1000,1071,carryover_crt,2500,two-sided,ok,,0.18684230748459885,0.7071464267866067,False,0.05,2000,83,43500,1297457311,0.0122735999757424
1000,1071,carryover_crt,5000,two-sided,ok,,-0.15164194700158232,0.8265867066466767,False,0.05,2000,41,41000,2953511046,0.01018450001720339
1000,1071,carryover_crt,10000,two-sided,ok,,-1.3789472413372927,0.20089955022488756,False,0.05,2000,22,22000,981733613,0.009675599983893335
1000,1071,total_effect_crt,5000,greater,ok,,3.143084927782416,0.12343828085957022,False,0.05,2000,4,4000,1484519662,0.009046999999554828
1000,1072,anticipation_pirt,-1,greater,ok,,0.0019390996755607156,0.8035982008995503,False,0.05,2000,499,2000,3521688955,0.031087799987290055
1000,1072,carryover_crt,0,two-sided,ok,,0.11211319735656684,0.6951524237881059,False,0.05,2000,250,250000,2107089022,0.027392299991333857
1000,1072,carryover_crt,1000,two-sided,ok,,1.2202476523459254,0.0034982508745627187,True,0.05,2000,125,125000,2957393360,0.018773000017972663
1000,1072,carryover_crt,2500,two-sided,ok,,-0.5748883737523692,0.28785607196401797,False,0.05,2000,83,43500,2116907580,0.013929500011727214
1000,1072,carryover_crt,5000,two-sided,ok,,0.6563755949190478,0.38980509745127434,False,0.05,2000,41,41000,2601043698,0.010112899995874614
1000,1072,carryover_crt,10000,two-sided,ok,,0.2986918125401505,0.7806096951524237,False,0.05,2000,22,22000,3979761550,0.00948959999368526
1000,1072,total_effect_crt,5000,greater,ok,,-1.037139978375286,0.7486256871564217,False,0.05,2000,3,5000,3683585405,0.009066300000995398
1000,1073,anticipation_pirt,-1,greater,ok,,-0.00260576075930387,0.12593703148425786,False,0.05,2000,499,2000,1170154452,0.02658869998413138
1000,1073,carryover_crt,0,two-sided,ok,,0.827147020780608,0.0029985007496251873,True,0.05,2000,250,250000,543216802,0.02541539998492226
1000,1073,carryover_crt,1000,two-sided,ok,,-0.11042991709640614,0.7961019490254873,False,0.05,2000,125,125000,3479060027,0.021842199988896027
1000,1073,carryover_crt,2500,two-sided,ok,,0.4065348339562855,0.4522738630684658,False,0.05,2000,83,43500,666067726,0.013649600005010143
1000,1073,carryover_crt,5000,two-sided,ok,,0.7251648610459597,0.3153423288355822,False,0.05,2000,41,41000,1573769598,0.010540400020545349
1000,1073,carryover_crt,10000,two-sided,ok,,1.3263154262011363,0.23388305847076463,False,0.05,2000,22,22000,1724018654,0.009693900006823242
1000,1073,total_effect_crt,5000,greater,ok,,-1.3894849675316363,0.7531234382808596,False,0.05,2000,4,4000,903939097,0.010124399996129796
1000,1074,anticipation_pirt,-1,greater,ok,,-0.0030837446047320225,0.06146926536731634,False,0.05,2000,499,2000,4080072605,0.03200279999873601
1000,1074,carryover_crt,0,two-sided,ok,,0.6445758249320686,0.030984507746126936,True,0.05,2000,250,250000,2579718357,0.02790759998606518
1000,1074,carryover_crt,1000,two-sided,ok,,-0.44111631083980196,0.31984007996002,False,0.05,2000,125,125000,2852913054,0.018944699986604974
1000,1074,carryover_crt,2500,two-sided,ok,,1.032321519143323,0.05847076461769116,False,0.05,2000,83,43500,770726724,0.0157523000088986
1000,1074,carryover_crt,5000,two-sided,ok,,-0.8739746132831021,0.26936531734132935,False,0.05,2000,41,41000,1076831250,0.011584499996388331
1000,1074,carryover_crt,10000,two-sided,ok,,1.365361787531525,0.1969015492253873,False,0.05,2000,22,22000,2062673205,0.009521300002234057
1000,1074,total_effect_crt,5000,greater,ok,,2.205239947065711,0.49325337331334335,False,0.05,2000,2,2000,3752500593,0.008555599983083084
1000,1075,anticipation_pirt,-1,greater,ok,,-0.001189098046632873,0.4817591204397801,False,0.05,2000,499,2000,3507604514,0.024577399977715686
1000,1075,carryover_crt,0,two-sided,ok,,0.4307627903908938,0.1454272863568216,False,0.05,2000,250,250000,1859780576,0.028732300008414313
1000,1075,carryover_crt,1000,two-sided,ok,,0.4364604700313509,0.28785607196401797,False,0.05,2000,125,125000,3139281901,0.020947900018654764
1000,1075,carryover_crt,2500,two-sided,ok,,-0.9402675442964377,0.06796601699150424,False,0.05,2000,83,43500,478897683,0.013943700003437698
1000,1075,carryover_crt,5000,two-sided,ok,,0.16775853254255363,0.8190904547726137,False,0.05,2000,41,41000,3341499388,0.010700799990445375
1000,1075,carryover_crt,10000,two-sided,ok,,-0.12583999546177,0.8910544727636182,False,0.05,2000,22,22000,2246435524,0.010763099999167025
1000,1075,total_effect_crt,5000,greater,ok,,0.46082999104261396,0.4917541229385307,False,0.05,2000,2,2000,1115940608,0.008850399986840785
1000,1076,anticipation_pirt,-1,greater,ok,,-0.0032089175309743647,0.03298350824587706,True,0.05,2000,499,1000,1712501546,0.033435999997891486
1000,1076,carryover_crt,0,two-sided,ok,,0.7701700623330177,0.01649175412293853,True,0.05,2000,250,250000,3340393306,0.027812000014819205
1000,1076,carryover_crt,1000,two-sided,ok,,0.5372065480300485,0.22438780609695153,False,0.05,2000,125,125000,3249857629,0.018983299989486113
1000,1076,carryover_crt,2500,two-sided,ok,,0.5931039867967187,0.2913543228385807,False,0.05,2000,83,43500,4279757195,0.015393099980428815
1000,1076,carryover_crt,5000,two-sided,ok,,1.3597243603660567,0.08495752123938032,False,0.05,2000,41,41000,1396441556,0.011040600016713142
1000,1076,carryover_crt,10000,two-sided,ok,,0.47681544161655703,0.6546726636681659,False,0.05,2000,22,22000,2823416753,0.009118099987972528
1000,1076,total_effect_crt,5000,greater,ok,,4.624139896374196,0.12743628185907047,False,0.05,2000,4,4000,2219994921,0.009205500013194978
1000,1077,anticipation_pirt,-1,greater,ok,,-0.001723398085557508,0.3003498250874563,False,0.05,2000,499,2000,949051283,0.025680999999167398
1000,1077,carryover_crt,0,two-sided,ok,,0.8602599804215877,0.005497251374312844,True,0.05,2000,250,250000,1335280887,0.026238700025714934
1000,1077,carryover_crt,1000,two-sided,ok,,0.6659515062682331,0.12243878060969515,False,0.05,2000,125,125000,3245684630,0.0211970999953337
1000,1077,carryover_crt,2500,two-sided,ok,,0.08294447930616781,0.8750624687656172,False,0.05,2000,83,43500,437709704,0.015009100025054067
1000,1077,carryover_crt,5000,two-sided,ok,,0.6214443750684037,0.4112943528235882,False,0.05,2000,41,41000,3380032260,0.011687500023981556
1000,1077,carryover_crt,10000,two-sided,ok,,0.7960817967168988,0.45077461269365315,False,0.05,2000,22,22000,3132943196,0.011774800019338727
1000,1077,total_effect_crt,5000,greater,ok,,6.652759849652648,0.2608695652173913,False,0.05,2000,2,2000,1756285756,0.008690599992405623
1000,1078,anticipation_pirt,-1,greater,ok,,-0.002349563225897937,0.24587706146926536,False,0.05,2000,499,2000,454135468,0.03194359998451546
1000,1078,carryover_crt,0,two-sided,ok,,0.179954556216225,0.544727636181909,False,0.05,2000,250,250000,68406502,0.027208699990296736
1000,1078,carryover_crt,1000,two-sided,ok,,-0.14752063607457272,0.744127936031984,False,0.05,2000,125,125000,2977138224,0.018781599996145815
1000,1078,carryover_crt,2500,two-sided,ok,,-0.31714042642375073,0.5142428785607196,False,0.05,2000,83,43500,2369692030,0.01442339998902753
1000,1078,carryover_crt,5000,two-sided,ok,,-0.1970790203777027,0.7756121939030485,False,0.05,2000,41,41000,1603094080,0.011071199987782165
1000,1078,carryover_crt,10000,two-sided,ok,,-0.741815437647768,0.47476261869065467,False,0.05,2000,22,22000,831681349,0.008999399986350909
1000,1078,total_effect_crt,5000,greater,ok,,-3.939779906690121,1.0,False,0.05,2000,1,1000,3156388192,0.008295699983136728
1000,1079,anticipation_pirt,-1,greater,ok,,0.002232905636909252,0.6901549225387307,False,0.05,2000,499,2000,2971897112,0.02694730000803247
1000,1079,carryover_crt,0,two-sided,ok,,0.07114247818040849,0.8085957021489255,False,0.05,2000,250,250000,3525694033,0.03217650001170114
1000,1079,carryover_crt,1000,two-sided,ok,,0.15370415557762976,0.7161419290354822,False,0.05,2000,125,125000,3585603096,0.028649399988353252
1000,1079,carryover_crt,2500,two-sided,ok,,-0.7778335244032273,0.12343828085957022,False,0.05,2000,83,43500,1654675445,0.02757130001555197
1000,1079,carryover_crt,5000,two-sided,ok,,-0.9373497355509457,0.2158920539730135,False,0.05,2000,41,41000,2974368618,0.01976170000853017
1000,1079,carryover_crt,10000,two-sided,ok,,1.439619057176804,0.11744127936031984,False,0.05,2000,22,22000,3461955909,0.017104600003222004
1000,1079,total_effect_crt,5000,greater,ok,,6.334759866207838,0.5097451274362819,False,0.05,2000,1,1000,218922729,0.008200600015698
1000,1080,anticipation_pirt,-1,greater,ok,,-0.002025616888632596,0.21239380309845077,False,0.05,2000,499,2000,4277353599,0.033572400017874315
1000,1080,carryover_crt,0,two-sided,ok,,0.8962310193888099,0.0069965017491254375,True,0.05,2000,250,250000,1920776331,0.027841500006616116
1000,1080,carryover_crt,1000,two-sided,ok,,0.2626276744880974,0.5487256371814093,False,0.05,2000,125,125000,4209405830,0.01895120000699535
1000,1080,carryover_crt,2500,two-sided,ok,,0.3100173427279813,0.5782108945527237,False,0.05,2000,83,43500,3082847476,0.01643530000001192
1000,1080,carryover_crt,5000,two-sided,ok,,-0.06735512191729577,0.9460269865067467,False,0.05,2000,41,41000,3430584107,0.012110500014387071
1000,1080,carryover_crt,10000,two-sided,ok,,1.2991417881238532,0.21139430284857572,False,0.05,2000,22,22000,3553345523,0.01025710001704283
1000,1080,total_effect_crt,5000,greater,ok,,2.8943149380534887,0.1809095452273863,False,0.05,2000,4,4000,4047859111,0.011808600014774129
1000,1081,anticipation_pirt,-1,greater,ok,,0.0042564223397326675,0.9165417291354323,False,0.05,2000,499,1000,4184381745,0.030213399993954226
1000,1081,carryover_crt,0,two-sided,ok,,0.824188621349886,0.005497251374312844,True,0.05,2000,250,250000,4015404792,0.027662599983159453
1000,1081,carryover_crt,1000,two-sided,ok,,0.1004807987511754,0.8290854572713643,False,0.05,2000,125,125000,232283078,0.021221300004981458
1000,1081,carryover_crt,2500,two-sided,ok,,-0.41387488284875845,0.4307846076961519,False,0.05,2000,83,43500,2700624035,0.01255959999980405
1000,1081,carryover_crt,5000,two-sided,ok,,-0.6887282777648509,0.3583208395802099,False,0.05,2000,41,41000,814590588,0.010492100002011284
1000,1081,carryover_crt,10000,two-sided,ok,,0.01402454696273956,0.991504247876062,False,0.05,2000,22,22000,231553588,0.010115799988852814
1000,1081,total_effect_crt,5000,greater,ok,,4.864039888542146,0.11594202898550725,False,0.05,2000,4,4000,1902203693,0.009762000001501292
1000,1082,anticipation_pirt,-1,greater,ok,,-0.003094431529840695,0.09045477261369315,False,0.05,2000,499,1000,3039413966,0.032345499988878146
1000,1082,carryover_crt,0,two-sided,ok,,0.5205848680139333,0.08945527236381809,False,0.05,2000,250,250000,3079433178,0.027770599990617484
1000,1082,carryover_crt,1000,two-sided,ok,,-0.5344651080445052,0.21889055472263869,False,0.05,2000,125,125000,3025946341,0.019167799997376278
1000,1082,carryover_crt,2500,two-sided,ok,,-0.026667468489329497,0.9585207396301849,False,0.05,2000,83,43500,3364064035,0.014733399992110208
1000,1082,carryover_crt,5000,two-sided,ok,,-0.8582453449279435,0.2563718140929535,False,0.05,2000,41,41000,3558025529,0.01184389999252744
1000,1082,carryover_crt,10000,two-sided,ok,,-0.43580544496937246,0.671664167916042,False,0.05,2000,22,22000,477959306,0.011286400025710464
1000,1082,total_effect_crt,5000,greater,ok,,-0.22019332124789556,0.6256871564217891,False,0.05,2000,3,3000,4178297580,0.008944900007918477
1000,1083,anticipation_pirt,-1,greater,ok,,0.002367375336157755,0.6696651674162919,False,0.05,2000,499,1000,1278317776,0.028194099984830245
1000,1083,carryover_crt,0,two-sided,ok,,0.028028158696919638,0.9250374812593704,False,0.05,2000,250,250000,757173712,0.024412099999608472
1000,1083,carryover_crt,1000,two-sided,ok,,0.6046639869093895,0.1619190404797601,False,0.05,2000,125,125000,482178146,0.021285499999066815
1000,1083,carryover_crt,2500,two-sided,ok,,-0.4920752662231045,0.37031484257871067,False,0.05,2000,83,43500,3083356649,0.012683200009632856
1000,1083,carryover_crt,5000,two-sided,ok,,0.44157413637947024,0.5642178910544727,False,0.05,2000,41,41000,1875707428,0.010375899990322068
1000,1083,carryover_crt,10000,two-sided,ok,,-0.6969863475610248,0.48575712143928035,False,0.05,2000,22,22000,174044722,0.008883400005288422
1000,1083,total_effect_crt,5000,greater,ok,,0.2732799931963285,0.5207396301849075,False,0.05,2000,3,3000,2548844345,0.009655000001657754
1000,1084,anticipation_pirt,-1,greater,ok,,-0.0011541197996826934,0.3818090954522739,False,0.05,2000,499,2000,1474777872,0.03036409997730516
1000,1084,carryover_crt,0,two-sided,ok,,0.5618675069244057,0.05547226386806597,False,0.05,2000,250,250000,1601206087,0.027693300013197586
1000,1084,carryover_crt,1000,two-sided,ok,,-0.3555967918456196,0.39780109945027486,False,0.05,2000,125,125000,4120206031,0.019178599992301315
1000,1084,carryover_crt,2500,two-sided,ok,,0.18685705533122798,0.729135432283858,False,0.05,2000,83,43500,4288109338,0.01469009998254478
1000,1084,carryover_crt,5000,two-sided,ok,,-0.04896243767967305,0.9395302348825587,False,0.05,2000,41,41000,4206672259,0.010013000020990148
1000,1084,carryover_crt,10000,two-sided,ok,,-0.5676218057202006,0.5737131434282858,False,0.05,2000,22,22000,1700986575,0.00918300001649186
1000,1084,total_effect_crt,5000,greater,ok,,6.104199856057763,0.2593703148425787,False,0.05,2000,2,2000,3411006068,0.008791200001724064
1000,1085,anticipation_pirt,-1,greater,ok,,-0.0024776037783882767,0.19940029985007496,False,0.05,2000,499,2000,2743636798,0.025889899989124388
1000,1085,carryover_crt,0,two-sided,ok,,0.6746189445672333,0.02448775612193903,True,0.05,2000,250,250000,3882544168,0.025434999988647178
1000,1085,carryover_crt,1000,two-sided,ok,,-0.03940016007497903,0.9310344827586207,False,0.05,2000,125,125000,2559097419,0.021971200010739267
1000,1085,carryover_crt,2500,two-sided,ok,,0.5542227340496271,0.3458270864567716,False,0.05,2000,83,43500,1541218368,0.012531899992609397
1000,1085,carryover_crt,5000,two-sided,ok,,-0.2857970667015306,0.7126436781609196,False,0.05,2000,41,41000,4120999867,0.010898100008489564
1000,1085,carryover_crt,10000,two-sided,ok,,-1.0797236128954049,0.28285857071464265,False,0.05,2000,22,22000,1541376061,0.009589499997673556
1000,1085,total_effect_crt,5000,greater,ok,,0.8053449831828475,0.44577711144427784,False,0.05,2000,4,4000,4024032828,0.009140599984675646
1000,1086,anticipation_pirt,-1,greater,ok,,0.002017895257441746,0.6191904047976012,False,0.05,2000,499,1000,2345858115,0.024826200009556487
1000,1086,carryover_crt,0,two-sided,ok,,1.0659284550670236,0.0009995002498750624,True,0.05,2000,250,250000,2435919726,0.029115800018189475
1000,1086,carryover_crt,1000,two-sided,ok,,-0.4009459106664061,0.3173413293353323,False,0.05,2000,125,125000,131386611,0.018190700007835403
1000,1086,carryover_crt,2500,two-sided,ok,,-0.3309110282556659,0.5022488755622189,False,0.05,2000,83,43500,4057430917,0.014709099981701002
1000,1086,carryover_crt,5000,two-sided,ok,,-1.2800053373289908,0.08995502248875563,False,0.05,2000,41,41000,2264343136,0.012606300006154925
1000,1086,carryover_crt,10000,two-sided,ok,,0.4862554477393967,0.6621689155422289,False,0.05,2000,22,22000,3885848026,0.010961899999529123
1000,1086,total_effect_crt,5000,greater,ok,,-1.962919953584671,1.0,False,0.05,2000,1,1000,3436625884,0.008525599987478927
1000,1087,anticipation_pirt,-1,greater,ok,,-0.0015617964070870466,0.2893553223388306,False,0.05,2000,499,1000,3556879368,0.025705300009576604
1000,1087,carryover_crt,0,two-sided,ok,,0.35014407188811897,0.25987006496751625,False,0.05,2000,250,250000,802935401,0.024767199996858835
1000,1087,carryover_crt,1000,two-sided,ok,,0.047497439411222905,0.9075462268865567,False,0.05,2000,125,125000,1404861563,0.022418600012315437
1000,1087,carryover_crt,2500,two-sided,ok,,-0.18715026177756733,0.7136431784107946,False,0.05,2000,83,43500,1180170473,0.01222920001600869
1000,1087,carryover_crt,5000,two-sided,ok,,0.9440863191678028,0.21039480259870064,False,0.05,2000,41,41000,3510867689,0.009940300020389259
1000,1087,carryover_crt,10000,two-sided,ok,,-0.27741726780056264,0.7731134432783608,False,0.05,2000,22,22000,1013714766,0.009442499984288588
1000,1087,total_effect_crt,5000,greater,ok,,4.049479912400246,0.4867566216891554,False,0.05,2000,1,1000,980091637,0.008653299999423325
1000,1088,anticipation_pirt,-1,greater,ok,,-0.00198079584361612,0.07496251874062969,False,0.05,2000,499,2000,161703985,0.030997699999716133
1000,1088,carryover_crt,0,two-sided,ok,,0.23834143454705176,0.4357821089455272,False,0.05,2000,250,250000,203808972,0.026592900016112253
1000,1088,carryover_crt,1000,two-sided,ok,,1.0359498966890575,0.017991004497751123,True,0.05,2000,125,125000,2785751226,0.017873399978270754
1000,1088,carryover_crt,2500,two-sided,ok,,0.2451402352580644,0.6451774112943528,False,0.05,2000,83,43500,3129047724,0.013119000010192394
1000,1088,carryover_crt,5000,two-sided,ok,,0.9166038818437515,0.2178910544727636,False,0.05,2000,41,41000,599934624,0.011532000004081056
1000,1088,carryover_crt,10000,two-sided,ok,,0.6774108930495989,0.495752123938031,False,0.05,2000,22,22000,2970325785,0.010533000022405759
1000,1088,total_effect_crt,5000,greater,ok,,0.6327999894980874,0.4062968515742129,False,0.05,2000,7,7000,1165594462,0.008594500017352402
1000,1089,anticipation_pirt,-1,greater,ok,,0.0027392056873620195,0.7271364317841079,False,0.05,2000,499,1000,3232371248,0.02604659998905845
1000,1089,carryover_crt,0,two-sided,ok,,0.6313986251966357,0.044977511244377814,True,0.05,2000,250,250000,2860734305,0.02517099998658523
1000,1089,carryover_crt,1000,two-sided,ok,,0.35403391306361554,0.3953023488255872,False,0.05,2000,125,125000,3124102560,0.022298600000794977
1000,1089,carryover_crt,2500,two-sided,ok,,-0.0015289638751602606,0.9970014992503748,False,0.05,2000,83,43500,2378386221,0.013044499995885417
1000,1089,carryover_crt,5000,two-sided,ok,,-0.890937541157825,0.21889055472263869,False,0.05,2000,41,41000,2909445858,0.011098299990408123
1000,1089,carryover_crt,10000,two-sided,ok,,-0.17669817742790023,0.8480759620189905,False,0.05,2000,22,22000,2587711713,0.009236999991117045
1000,1089,total_effect_crt,5000,greater,ok,,-2.5013599429279565,1.0,False,0.05,2000,1,1000,56183719,0.008528400008799508
1000,1090,anticipation_pirt,-1,greater,ok,,-0.002234346599040817,0.11694152923538231,False,0.05,2000,499,1000,3665388400,0.031146699999226257
1000,1090,carryover_crt,0,two-sided,ok,,0.7770997418711036,0.010494752623688156,True,0.05,2000,250,250000,3863864422,0.029129500006092712
1000,1090,carryover_crt,1000,two-sided,ok,,-0.6620775854258537,0.13943028485757122,False,0.05,2000,125,125000,4027045255,0.018793700000969693
1000,1090,carryover_crt,2500,two-sided,ok,,0.43532895467755317,0.38780609695152424,False,0.05,2000,83,43500,3017353493,0.015123899996979162
1000,1090,carryover_crt,5000,two-sided,ok,,-0.19675755660926428,0.7926036981509246,False,0.05,2000,41,41000,682297510,0.012666700000409037
1000,1090,carryover_crt,10000,two-sided,ok,,0.0500354520744561,0.9590204897551224,False,0.05,2000,22,22000,655342615,0.010191599983954802
1000,1090,total_effect_crt,5000,greater,ok,,0.3896899939253926,0.5137431284357821,False,0.05,2000,2,2000,496046455,0.008590599987655878
1000,1091,anticipation_pirt,-1,greater,ok,,-0.0028180851528319534,0.1774112943528236,False,0.05,2000,499,2000,3414849660,0.025032500008819625
1000,1091,carryover_crt,0,two-sided,ok,,0.3203459930284173,0.2733633183408296,False,0.05,2000,250,250000,1597814034,0.026278900011675432
1000,1091,carryover_crt,1000,two-sided,ok,,-0.5366052683396638,0.1889055472263868,False,0.05,2000,125,125000,221727799,0.022649799997452646
1000,1091,carryover_crt,2500,two-sided,ok,,0.06778824057724464,0.8800599700149925,False,0.05,2000,83,43500,1011028219,0.016526599996723235
1000,1091,carryover_crt,5000,two-sided,ok,,-0.38859852814329116,0.6056971514242878,False,0.05,2000,41,41000,821355823,0.011254799988819286
1000,1091,carryover_crt,10000,two-sided,ok,,-0.8375563434340397,0.4002998500749625,False,0.05,2000,22,22000,3060409230,0.010838900023372844
1000,1091,total_effect_crt,5000,greater,ok,,-4.589699887633324,1.0,False,0.05,2000,1,1000,2736163094,0.00845709998975508
1000,1092,anticipation_pirt,-1,greater,ok,,-0.002284716746196325,0.2688655672163918,False,0.05,2000,499,1000,1438848682,0.02335289999609813
1000,1092,carryover_crt,0,two-sided,ok,,0.04937839893315731,0.8735632183908046,False,0.05,2000,250,250000,1450794821,0.02978739998070523
1000,1092,carryover_crt,1000,two-sided,ok,,0.20898335503679527,0.6201899050474763,False,0.05,2000,125,125000,3331215542,0.01946209999732673
1000,1092,carryover_crt,2500,two-sided,ok,,-0.20074650224892496,0.6976511744127936,False,0.05,2000,83,43500,1669212384,0.014880200003972277
1000,1092,carryover_crt,5000,two-sided,ok,,0.28732584585667387,0.7126436781609196,False,0.05,2000,41,41000,860587997,0.01310480001848191
1000,1092,carryover_crt,10000,two-sided,ok,,0.189999086183919,0.8525737131434283,False,0.05,2000,22,22000,2160795301,0.010511799977393821
1000,1092,total_effect_crt,5000,greater,ok,,-2.9223599327653647,1.0,False,0.05,2000,2,2000,3299621821,0.009100199997192249
1000,1093,anticipation_pirt,-1,greater,ok,,-0.0013985725639650904,0.41179410294852575,False,0.05,2000,499,1000,3822487631,0.02714869999908842
1000,1093,carryover_crt,0,two-sided,ok,,0.9283308590253293,0.0014992503748125937,True,0.05,2000,250,250000,2678923906,0.0270734999794513
1000,1093,carryover_crt,1000,two-sided,ok,,-0.032171199950665294,0.9510244877561219,False,0.05,2000,125,125000,3912939375,0.021501299983356148
1000,1093,carryover_crt,2500,two-sided,ok,,0.3481390755279595,0.48875562218890556,False,0.05,2000,83,43500,3445249838,0.015948400017805398
1000,1093,carryover_crt,5000,two-sided,ok,,0.24555511608856112,0.7466266866566716,False,0.05,2000,41,41000,140678686,0.012239200004842132
1000,1093,carryover_crt,10000,two-sided,ok,,0.6810299855778841,0.5032483758120939,False,0.05,2000,22,22000,3120229016,0.010510099993553013
1000,1093,total_effect_crt,5000,greater,ok,,5.697479871034623,0.511744127936032,False,0.05,2000,1,1000,1605830327,0.008477099996525794
1000,1094,anticipation_pirt,-1,greater,ok,,0.002666379478088178,0.8195902048975512,False,0.05,2000,499,1000,492455971,0.031113999983062968
1000,1094,carryover_crt,0,two-sided,ok,,0.16103191612568496,0.6006996501749126,False,0.05,2000,250,250000,1466585796,0.029600099980598316
1000,1094,carryover_crt,1000,two-sided,ok,,-0.09040495804950584,0.8345827086456772,False,0.05,2000,125,125000,2500531529,0.018230599991511554
1000,1094,carryover_crt,2500,two-sided,ok,,-0.29477946370051933,0.5817091454272864,False,0.05,2000,83,43500,3955912544,0.015208299999358132
1000,1094,carryover_crt,5000,two-sided,ok,,-0.7158443717554936,0.344327836081959,False,0.05,2000,41,41000,1226867342,0.010325699986424297
1000,1094,carryover_crt,10000,two-sided,ok,,-0.39043726211210533,0.688655672163918,False,0.05,2000,22,22000,3874522269,0.009052500012330711
1000,1094,total_effect_crt,5000,greater,ok,,-2.5250199392139914,1.0,False,0.05,2000,1,1000,2012868050,0.00924230000237003
1000,1095,anticipation_pirt,-1,greater,ok,,-0.00224977413215138,0.25237381309345325,False,0.05,2000,499,2000,69950872,0.02584669998032041
1000,1095,carryover_crt,0,two-sided,ok,,0.8854042994463444,0.0034982508745627187,True,0.05,2000,250,250000,2022699233,0.02843200002098456
1000,1095,carryover_crt,1000,two-sided,ok,,-0.45522510857111237,0.2613693153423288,False,0.05,2000,125,125000,1905092140,0.022455500002251938
1000,1095,carryover_crt,2500,two-sided,ok,,1.1212294676640489,0.027486256871564217,True,0.05,2000,83,43500,703901835,0.015215000021271408
1000,1095,carryover_crt,5000,two-sided,ok,,-0.042067804452304354,0.95952023988006,False,0.05,2000,41,41000,2818010443,0.01037129998439923
1000,1095,carryover_crt,10000,two-sided,ok,,0.11081817856668073,0.9070464767616192,False,0.05,2000,22,22000,2519257662,0.010569999983999878
1000,1095,total_effect_crt,5000,greater,ok,,1.3468299701064825,0.3118440779610195,False,0.05,2000,4,4000,1323424574,0.009924799989676103
1000,1096,anticipation_pirt,-1,greater,ok,,0.002442877407184609,0.729135432283858,False,0.05,2000,499,2000,2044051913,0.03509960000519641
1000,1096,carryover_crt,0,two-sided,ok,,0.567560547644615,0.06496751624187906,False,0.05,2000,250,250000,3208481261,0.03871679998701438
1000,1096,carryover_crt,1000,two-sided,ok,,0.37477887041789304,0.38830584707646176,False,0.05,2000,125,125000,2613516647,0.02460970001993701
1000,1096,carryover_crt,2500,two-sided,ok,,-0.3856143515115939,0.4662668665667166,False,0.05,2000,83,43500,1296653963,0.017924100015079603
1000,1096,carryover_crt,5000,two-sided,ok,,0.7509560795587192,0.3493253373313343,False,0.05,2000,41,41000,4241965475,0.010909800010267645
1000,1096,carryover_crt,10000,two-sided,ok,,-1.3752254201038314,0.16491754122938532,False,0.05,2000,22,22000,727555870,0.009894999995594844
1000,1096,total_effect_crt,5000,greater,ok,,-4.062549903199077,1.0,False,0.05,2000,2,2000,337120474,0.011372499982826412
1000,1097,anticipation_pirt,-1,greater,ok,,-0.0014503897980075013,0.43278360819590206,False,0.05,2000,499,1000,3335290417,0.02590139998937957
1000,1097,carryover_crt,0,two-sided,ok,,0.4183851102048457,0.15892053973013492,False,0.05,2000,250,250000,905046372,0.02701560000423342
1000,1097,carryover_crt,1000,two-sided,ok,,0.45885230876001704,0.28785607196401797,False,0.05,2000,125,125000,2949605936,0.02373820001957938
1000,1097,carryover_crt,2500,two-sided,ok,,-0.598413287710102,0.255872063968016,False,0.05,2000,83,43500,2207303808,0.014139300008537248
1000,1097,carryover_crt,5000,two-sided,ok,,0.10988829134813541,0.8915542228885557,False,0.05,2000,41,41000,1325939886,0.013752700004260987
1000,1097,carryover_crt,10000,two-sided,ok,,0.18699635936675427,0.8620689655172413,False,0.05,2000,22,22000,2322109077,0.01122620000387542
1000,1097,total_effect_crt,5000,greater,ok,,-0.006846667324503263,0.6371814092953523,False,0.05,2000,3,3000,2955489528,0.008842600014759228
1000,1098,anticipation_pirt,-1,greater,ok,,-0.0021149418074202825,0.047476261869065464,True,0.05,2000,499,1000,79357146,0.0286777000001166
1000,1098,carryover_crt,0,two-sided,ok,,0.5366802274985611,0.0769615192403798,False,0.05,2000,250,250000,3521433719,0.02807780000148341
1000,1098,carryover_crt,1000,two-sided,ok,,-0.1734164761651456,0.6786606696651675,False,0.05,2000,125,125000,1134641681,0.018361900001764297
1000,1098,carryover_crt,2500,two-sided,ok,,0.4810969530016542,0.35582208895552225,False,0.05,2000,83,43500,981138751,0.015443600015714765
1000,1098,carryover_crt,5000,two-sided,ok,,0.27398974874334003,0.7161419290354822,False,0.05,2000,41,41000,3268421964,0.011193999991519377
1000,1098,carryover_crt,10000,two-sided,ok,,0.49246362676894806,0.5772113943028486,False,0.05,2000,22,22000,1323142400,0.009289299981901422
1000,1098,total_effect_crt,5000,greater,ok,,8.447599801421166,0.5037481259370314,False,0.05,2000,1,1000,3099853275,0.008251899998867884
1000,1099,anticipation_pirt,-1,greater,ok,,-0.001975375290609062,0.35282358820589704,False,0.05,2000,499,2000,1553854122,0.025591300014639273
1000,1099,carryover_crt,0,two-sided,ok,,0.35938479240289334,0.2288855572213893,False,0.05,2000,250,250000,3040728853,0.029670299991266802
1000,1099,carryover_crt,1000,two-sided,ok,,0.3617883117882609,0.3818090954522739,False,0.05,2000,125,125000,3655487006,0.02226529998006299
1000,1099,carryover_crt,2500,two-sided,ok,,-0.00873850576164836,0.9885057471264368,False,0.05,2000,83,43500,2573748766,0.012449400004697964
1000,1099,carryover_crt,5000,two-sided,ok,,1.714737522824327,0.022988505747126436,True,0.05,2000,41,41000,62933502,0.009658200026024133
1000,1099,carryover_crt,10000,two-sided,ok,,-0.7272345290321179,0.4617691154422789,False,0.05,2000,22,22000,2851508236,0.009289299981901422
1000,1099,total_effect_crt,5000,greater,ok,,1.0604949753768742,0.37031484257871067,False,0.05,2000,4,4000,736926595,0.008780499978456646
5000,1000,anticipation_pirt,-1,greater,ok,,0.001970970036580729,0.5132433783108445,False,0.05,2000,99,10000,1894759403,0.019326299981912598
5000,1000,carryover_crt,0,two-sided,ok,,-0.2942210328068435,0.6616691654172914,False,0.05,2000,50,250000,3646296,0.01220840000314638
5000,1000,carryover_crt,1000,two-sided,ok,,-0.3611769911114686,0.6156921539230384,False,0.05,2000,50,200000,2191676596,0.011127000005217269
5000,1000,carryover_crt,2500,two-sided,ok,,-0.3623963112356365,0.6181909045477262,False,0.05,2000,50,125000,1250730546,0.011209000018425286
5000,1000,carryover_crt,5000,two-sided,ok,,0.9201052585532069,0.3248375812093953,False,0.05,2000,25,125000,4185876364,0.00944669998716563
5000,1000,carryover_crt,10000,two-sided,ok,,-0.7585309820322785,0.5902048975512244,False,0.05,2000,16,80000,1969141857,0.008576299995183945
5000,1000,total_effect_crt,5000,greater,ok,,0.8181344643263467,0.1874062968515742,False,0.05,2000,29,145000,1001668174,0.009736900014104322
5000,1001,anticipation_pirt,-1,greater,ok,,9.515047461663637e-05,0.6446776611694153,False,0.05,2000,99,5000,8092380,0.01815089999581687
5000,1001,carryover_crt,0,two-sided,ok,,0.7630988625460117,0.24537731134432783,False,0.05,2000,50,250000,2657169050,0.01092969998717308
5000,1001,carryover_crt,1000,two-sided,ok,,0.622273385575153,0.3498250874562719,False,0.05,2000,50,200000,1845226465,0.011750900011975318
5000,1001,carryover_crt,2500,two-sided,ok,,0.5685993462245167,0.4122938530734633,False,0.05,2000,50,125000,1244602228,0.010194300004513934
5000,1001,carryover_crt,5000,two-sided,ok,,0.0465651187636257,0.9685157421289355,False,0.05,2000,25,125000,2004129653,0.010010300000431016
5000,1001,carryover_crt,10000,two-sided,ok,,-0.012065749208815313,0.991504247876062,False,0.05,2000,16,80000,788314340,0.012216600007377565
5000,1001,total_effect_crt,5000,greater,ok,,2.528411310422577,0.015492253873063468,True,0.05,2000,19,95000,1411100097,0.01004079999984242
5000,1002,anticipation_pirt,-1,greater,ok,,0.0005485144603510639,0.7556221889055472,False,0.05,2000,99,10000,3263768684,0.01713599998038262
5000,1002,carryover_crt,0,two-sided,ok,,0.06576383853963043,0.9225387306346826,False,0.05,2000,50,250000,3624482630,0.011740699992515147
5000,1002,carryover_crt,1000,two-sided,ok,,-0.035578299314454276,0.9630184907546226,False,0.05,2000,50,200000,3397288072,0.011388699989765882
5000,1002,carryover_crt,2500,two-sided,ok,,-0.10022559819313882,0.894552723638181,False,0.05,2000,50,125000,2925147634,0.010569299978669733
5000,1002,carryover_crt,5000,two-sided,ok,,-0.5488148671689927,0.5687156421789106,False,0.05,2000,25,125000,298315849,0.00963049998972565
5000,1002,carryover_crt,10000,two-sided,ok,,-1.3427319692138584,0.2463768115942029,False,0.05,2000,16,80000,3727577329,0.008931299991672859
5000,1002,total_effect_crt,5000,greater,ok,,0.9796211443997609,0.14042978510744628,False,0.05,2000,24,120000,978820607,0.010035699990112334
5000,1003,anticipation_pirt,-1,greater,ok,,0.0002856614465598648,0.7386306846576711,False,0.05,2000,99,10000,1780744656,0.016768400004366413
5000,1003,carryover_crt,0,two-sided,ok,,-0.8901517398511171,0.2028985507246377,False,0.05,2000,50,250000,3598365522,0.01060690000304021
5000,1003,carryover_crt,1000,two-sided,ok,,-1.0045511773127134,0.13793103448275862,False,0.05,2000,50,200000,2487827809,0.011468300013802946
5000,1003,carryover_crt,2500,two-sided,ok,,-1.0391668563858272,0.13243378310844578,False,0.05,2000,50,125000,3207701369,0.010137300007045269
5000,1003,carryover_crt,5000,two-sided,ok,,-0.14904751644691833,0.8850574712643678,False,0.05,2000,25,125000,1510179954,0.010299599991412833
5000,1003,carryover_crt,10000,two-sided,ok,,-1.2428014717747926,0.296351824087956,False,0.05,2000,16,80000,1487559978,0.009030699991853908
5000,1003,total_effect_crt,5000,greater,ok,,0.12232266370796908,0.447776111944028,False,0.05,2000,24,120000,3333772674,0.009347699990030378
5000,1004,anticipation_pirt,-1,greater,ok,,-0.00036411432750565017,0.14342828585707146,False,0.05,2000,99,10000,3402549466,0.015951700013829395
5000,1004,carryover_crt,0,two-sided,ok,,1.5856750840428768,0.021989005497251374,True,0.05,2000,50,250000,2136113805,0.011966800026129931
5000,1004,carryover_crt,1000,two-sided,ok,,1.4986959661805446,0.03548225887056472,True,0.05,2000,50,200000,511783132,0.011034399998607114
5000,1004,carryover_crt,2500,two-sided,ok,,1.4564698867404164,0.038980509745127435,True,0.05,2000,50,125000,2305083208,0.011219100008020177
5000,1004,carryover_crt,5000,two-sided,ok,,-2.2399613895192148,0.0384807596201899,True,0.05,2000,25,125000,812596700,0.009158600005321205
5000,1004,carryover_crt,10000,two-sided,ok,,1.9245432067784012,0.13843078460769614,False,0.05,2000,16,80000,1248160480,0.00888370000757277
5000,1004,total_effect_crt,5000,greater,ok,,2.082685453051585,0.011494252873563218,True,0.05,2000,32,160000,1204446444,0.00968519999878481
5000,1005,anticipation_pirt,-1,greater,ok,,0.0004715000318641228,0.8375812093953023,False,0.05,2000,99,5000,1613668400,0.016714299999875948
5000,1005,carryover_crt,0,two-sided,ok,,-0.07984975851376352,0.9095452273863068,False,0.05,2000,50,250000,1720430088,0.01108530000783503
5000,1005,carryover_crt,1000,two-sided,ok,,-0.2056697956732661,0.7706146926536732,False,0.05,2000,50,200000,235812457,0.010903599992161617
5000,1005,carryover_crt,2500,two-sided,ok,,-0.2789558342478275,0.6871564217891054,False,0.05,2000,50,125000,380018082,0.010479599994141608
5000,1005,carryover_crt,5000,two-sided,ok,,0.19641983528709417,0.841079460269865,False,0.05,2000,25,125000,3908258520,0.009437100001377985
5000,1005,carryover_crt,10000,two-sided,ok,,-0.8841012307021301,0.5032483758120939,False,0.05,2000,16,80000,149200845,0.009608699998352677
5000,1005,total_effect_crt,5000,greater,ok,,0.71713826918594,0.18990504747626186,False,0.05,2000,28,140000,1149493711,0.00944229998276569
5000,1006,anticipation_pirt,-1,greater,ok,,0.000822626608394337,0.9110444777611194,False,0.05,2000,99,5000,1577875280,0.01596709998557344
5000,1006,carryover_crt,0,two-sided,ok,,-0.4663410292554497,0.5347326336831584,False,0.05,2000,50,250000,2531405565,0.011622899997746572
5000,1006,carryover_crt,1000,two-sided,ok,,-0.5977381861547755,0.42978510744627685,False,0.05,2000,50,200000,4259501720,0.010626500006765127
5000,1006,carryover_crt,2500,two-sided,ok,,-0.6656038250949685,0.39980009995002497,False,0.05,2000,50,125000,1073123058,0.011048099986510351
5000,1006,carryover_crt,5000,two-sided,ok,,1.2693242916885317,0.2518740629685157,False,0.05,2000,25,125000,3282160808,0.009844099986366928
5000,1006,carryover_crt,10000,two-sided,ok,,-0.6784707349938339,0.638680659670165,False,0.05,2000,16,80000,793733313,0.009190899989334866
5000,1006,total_effect_crt,5000,greater,ok,,2.3908985602856543,0.009995002498750625,True,0.05,2000,26,130000,2177983954,0.009124199976213276
5000,1007,anticipation_pirt,-1,greater,ok,,-0.0007585454284318813,0.04447776111944028,True,0.05,2000,99,5000,1162540238,0.01648869999917224
5000,1007,carryover_crt,0,two-sided,ok,,0.4826132680985331,0.5167416291854073,False,0.05,2000,50,250000,1388375344,0.010613199992803857
5000,1007,carryover_crt,1000,two-sided,ok,,0.3543330909523742,0.6491754122938531,False,0.05,2000,50,200000,3460690396,0.012843800010159612
5000,1007,carryover_crt,2500,two-sided,ok,,0.29448175194311144,0.6991504247876063,False,0.05,2000,50,125000,3098502821,0.010526300000492483
5000,1007,carryover_crt,5000,two-sided,ok,,0.843497740757376,0.4122938530734633,False,0.05,2000,25,125000,130503596,0.009456799976760522
5000,1007,carryover_crt,10000,two-sided,ok,,-1.2647962221459954,0.4002998500749625,False,0.05,2000,16,80000,1180605271,0.008857699984218925
5000,1007,total_effect_crt,5000,greater,ok,,1.9715014923032372,0.03298350824587706,True,0.05,2000,26,130000,3730408,0.009358400013297796
5000,1008,anticipation_pirt,-1,greater,ok,,-0.00023705159890292387,0.41179410294852575,False,0.05,2000,99,10000,642675947,0.017333699972368777
5000,1008,carryover_crt,0,two-sided,ok,,0.024473199445515893,0.9760119940029985,False,0.05,2000,50,250000,2969360494,0.013439400005154312
5000,1008,carryover_crt,1000,two-sided,ok,,-0.09038129779292271,0.8940529735132434,False,0.05,2000,50,200000,2926135248,0.011633300018729642
5000,1008,carryover_crt,2500,two-sided,ok,,-0.14490223693126442,0.8355822088955522,False,0.05,2000,50,125000,2707275874,0.011842200008686632
5000,1008,carryover_crt,5000,two-sided,ok,,1.2643442909813822,0.18590704647676162,False,0.05,2000,25,125000,344221282,0.009488499985309318
5000,1008,carryover_crt,10000,two-sided,ok,,0.7054899845054838,0.616191904047976,False,0.05,2000,16,80000,563615196,0.008441999991191551
5000,1008,total_effect_crt,5000,greater,ok,,1.542186684079647,0.06046976511744128,False,0.05,2000,25,125000,527868995,0.009110199986025691
5000,1009,anticipation_pirt,-1,greater,ok,,4.462083387445595e-06,0.5497251374312844,False,0.05,2000,99,10000,3303159581,0.01566779997665435
5000,1009,carryover_crt,0,two-sided,ok,,-0.1485001561545728,0.8470764617691154,False,0.05,2000,50,250000,4246169340,0.011041099991416559
5000,1009,carryover_crt,1000,two-sided,ok,,-0.2442776937148345,0.7556221889055472,False,0.05,2000,50,200000,311692505,0.01118619999033399
5000,1009,carryover_crt,2500,two-sided,ok,,-0.274014552867204,0.7146426786606697,False,0.05,2000,50,125000,388870989,0.011340400000335649
5000,1009,carryover_crt,5000,two-sided,ok,,2.3924196255524155,0.020989505247376312,True,0.05,2000,25,125000,1873631807,0.009593800001312047
5000,1009,carryover_crt,10000,two-sided,ok,,-1.0334529763509053,0.42128935532233885,False,0.05,2000,16,80000,3166694953,0.009073199995327741
5000,1009,total_effect_crt,5000,greater,ok,,2.277289233177368,0.0079960019990005,True,0.05,2000,28,140000,2777487786,0.009886200015898794
5000,1010,anticipation_pirt,-1,greater,ok,,-0.0005608060903037096,0.017991004497751123,True,0.05,2000,99,10000,423721229,0.01570499999797903
5000,1010,carryover_crt,0,two-sided,ok,,-0.9200282189089656,0.1934032983508246,False,0.05,2000,50,250000,3007308517,0.01221739998436533
5000,1010,carryover_crt,1000,two-sided,ok,,-1.0506941757765784,0.1519240379810095,False,0.05,2000,50,200000,2916263912,0.011339499993482605
5000,1010,carryover_crt,2500,two-sided,ok,,-1.0885465351387857,0.13043478260869565,False,0.05,2000,50,125000,869340993,0.012072500016074628
5000,1010,carryover_crt,5000,two-sided,ok,,-1.1561650939383805,0.2848575712143928,False,0.05,2000,25,125000,3484169192,0.009660600015195087
5000,1010,carryover_crt,10000,two-sided,ok,,-0.03946274886392054,0.9820089955022488,False,0.05,2000,16,80000,1223344724,0.00891920001595281
5000,1010,total_effect_crt,5000,greater,ok,,1.0001355962783098,0.16591704147926037,False,0.05,2000,21,105000,1362251868,0.009967799996957183
5000,1011,anticipation_pirt,-1,greater,ok,,0.00043629948523689875,0.7886056971514243,False,0.05,2000,99,5000,2096804974,0.016145499976119027
5000,1011,carryover_crt,0,two-sided,ok,,0.08679063818655909,0.9120439780109945,False,0.05,2000,50,250000,2893332877,0.01060690000304021
5000,1011,carryover_crt,1000,two-sided,ok,,-0.04839099890351286,0.9515242378810594,False,0.05,2000,50,200000,17237826,0.010921600012807176
5000,1011,carryover_crt,2500,two-sided,ok,,-0.10682255784803635,0.8780609695152424,False,0.05,2000,50,125000,68894535,0.011142700008349493
5000,1011,carryover_crt,5000,two-sided,ok,,0.9542217387578787,0.3263368315842079,False,0.05,2000,25,125000,2890713372,0.010095500008901581
5000,1011,carryover_crt,10000,two-sided,ok,,-0.3053302434419747,0.8045977011494253,False,0.05,2000,16,80000,3161341203,0.008863499999279156
5000,1011,total_effect_crt,5000,greater,ok,,1.596461502113623,0.04447776111944028,True,0.05,2000,26,130000,887694271,0.009064300014870241
5000,1012,anticipation_pirt,-1,greater,ok,,-0.0005863005349225477,0.28535732133933034,False,0.05,2000,99,5000,4032077114,0.018812999973306432
5000,1012,carryover_crt,0,two-sided,ok,,-0.4157207904818951,0.5147426286856571,False,0.05,2000,50,250000,512065272,0.011073000001488253
5000,1012,carryover_crt,1000,two-sided,ok,,-0.5115772878284006,0.4492753623188406,False,0.05,2000,50,200000,3141351467,0.011526099988259375
5000,1012,carryover_crt,2500,two-sided,ok,,-0.5189279876198174,0.42128935532233885,False,0.05,2000,50,125000,1070570391,0.01014450000366196
5000,1012,carryover_crt,5000,two-sided,ok,,-2.287529068012893,0.017991004497751123,True,0.05,2000,25,125000,1108984689,0.009205700014717877
5000,1012,carryover_crt,10000,two-sided,ok,,0.6628762357732281,0.5752123938030984,False,0.05,2000,16,80000,3316173098,0.008353599987458438
5000,1012,total_effect_crt,5000,greater,ok,,-0.20950759534031152,0.5847076461769115,False,0.05,2000,20,100000,193762439,0.009013300004880875
5000,1013,anticipation_pirt,-1,greater,ok,,0.0006220766057508102,0.8770614692653673,False,0.05,2000,99,5000,2392849027,0.01575369999045506
5000,1013,carryover_crt,0,two-sided,ok,,-0.6201668661789,0.3793103448275862,False,0.05,2000,50,250000,2239279089,0.011342300014803186
5000,1013,carryover_crt,1000,two-sided,ok,,-0.7094667845000886,0.2988505747126437,False,0.05,2000,50,200000,3744120103,0.011645799997495487
5000,1013,carryover_crt,2500,two-sided,ok,,-0.7489319842247069,0.28285857071464265,False,0.05,2000,50,125000,2356448383,0.011289599991869181
5000,1013,carryover_crt,5000,two-sided,ok,,0.6614854252051116,0.4832583708145927,False,0.05,2000,25,125000,2820188939,0.009026099985931069
5000,1013,carryover_crt,10000,two-sided,ok,,-2.775046937037492,0.019490254872563718,True,0.05,2000,16,80000,1029778244,0.008893599995644763
5000,1013,total_effect_crt,5000,greater,ok,,0.7679061356930492,0.1924037981009495,False,0.05,2000,26,130000,2664456414,0.009545499982777983
5000,1014,anticipation_pirt,-1,greater,ok,,-0.0007324725799700573,0.025487256371814093,True,0.05,2000,99,10000,1784524855,0.02053059998434037
5000,1014,carryover_crt,0,two-sided,ok,,0.024889839777872,0.9760119940029985,False,0.05,2000,50,250000,2919594930,0.011212099983822554
5000,1014,carryover_crt,1000,two-sided,ok,,-0.10556489746749406,0.8905547226386806,False,0.05,2000,50,200000,3501995809,0.01054600000497885
5000,1014,carryover_crt,2500,two-sided,ok,,-0.16472399595937126,0.8115942028985508,False,0.05,2000,50,125000,198731144,0.01084250002168119
5000,1014,carryover_crt,5000,two-sided,ok,,-2.153221551094264,0.03698150924537731,True,0.05,2000,25,125000,1419994310,0.010444199986523017
5000,1014,carryover_crt,10000,two-sided,ok,,0.09561624696669169,0.9330334832583708,False,0.05,2000,16,80000,1949554684,0.009576699987519532
5000,1014,total_effect_crt,5000,greater,ok,,0.8792230273695929,0.191904047976012,False,0.05,2000,21,105000,530590708,0.009247699985280633
5000,1015,anticipation_pirt,-1,greater,ok,,0.00031219417966349216,0.553223388305847,False,0.05,2000,99,5000,4072714973,0.015702599979704246
5000,1015,carryover_crt,0,two-sided,ok,,0.5418310278107227,0.46976511744127936,False,0.05,2000,50,250000,3463222620,0.010889099998166785
5000,1015,carryover_crt,1000,two-sided,ok,,0.4009804906482623,0.592703648175912,False,0.05,2000,50,200000,1303109997,0.0115640000149142
5000,1015,carryover_crt,2500,two-sided,ok,,0.32877183265268806,0.6551724137931034,False,0.05,2000,50,125000,2652231854,0.011161699978401884
5000,1015,carryover_crt,5000,two-sided,ok,,1.0983882957690358,0.29985007496251875,False,0.05,2000,25,125000,3302961381,0.009582500002579764
5000,1015,carryover_crt,10000,two-sided,ok,,0.4510079891440456,0.7251374312843578,False,0.05,2000,16,80000,589376803,0.008657700003823265
5000,1015,total_effect_crt,5000,greater,ok,,2.393715945317876,0.013993003498250875,True,0.05,2000,24,120000,1064291979,0.009498800005530939
5000,1016,anticipation_pirt,-1,greater,ok,,-0.00045818877923093927,0.463768115942029,False,0.05,2000,99,10000,4121096012,0.020531600021058694
5000,1016,carryover_crt,0,two-sided,ok,,0.8404581410698294,0.223888055972014,False,0.05,2000,50,250000,4222413572,0.011596700001973659
5000,1016,carryover_crt,1000,two-sided,ok,,0.7218809837032667,0.29485257371314344,False,0.05,2000,50,200000,1939909802,0.014082500012591481
5000,1016,carryover_crt,2500,two-sided,ok,,0.6818991847542525,0.3213393303348326,False,0.05,2000,50,125000,892948729,0.013301999977556989
5000,1016,carryover_crt,5000,two-sided,ok,,-0.25381823454359165,0.7816091954022989,False,0.05,2000,25,125000,1189044441,0.012220600008731708
5000,1016,carryover_crt,10000,two-sided,ok,,-0.10691249847612344,0.9330334832583708,False,0.05,2000,16,80000,3273242887,0.013461099995765835
5000,1016,total_effect_crt,5000,greater,ok,,2.316456157182706,0.020989505247376312,True,0.05,2000,19,95000,4158768223,0.009353800007374957
5000,1017,anticipation_pirt,-1,greater,ok,,-0.00023193895117302787,0.43728135932033985,False,0.05,2000,99,5000,4150214397,0.01952040000469424
5000,1017,carryover_crt,0,two-sided,ok,,0.12996567672073847,0.8545727136431784,False,0.05,2000,50,250000,2281090661,0.01457739999750629
5000,1017,carryover_crt,1000,two-sided,ok,,0.03666609881971036,0.95952023988006,False,0.05,2000,50,200000,3328994946,0.012979999999515712
5000,1017,carryover_crt,2500,two-sided,ok,,0.040352638569772274,0.9560219890054973,False,0.05,2000,50,125000,3276627754,0.01231799999368377
5000,1017,carryover_crt,5000,two-sided,ok,,-2.805635777021497,0.006496751624187906,True,0.05,2000,25,125000,560775783,0.00950159999774769
5000,1017,carryover_crt,10000,two-sided,ok,,1.7339949612528551,0.14642678660669664,False,0.05,2000,16,80000,1716229905,0.009238599974196404
5000,1017,total_effect_crt,5000,greater,ok,,0.9615578982836008,0.16391804097951024,False,0.05,2000,25,125000,3506508174,0.012271099985809997
5000,1018,anticipation_pirt,-1,greater,ok,,0.00048150489711293033,0.6461769115442278,False,0.05,2000,99,5000,1072429853,0.02138999997987412
5000,1018,carryover_crt,0,two-sided,ok,,-1.2584606913969518,0.06996501749125437,False,0.05,2000,50,250000,14592573,0.010852199979126453
5000,1018,carryover_crt,1000,two-sided,ok,,-1.3813816685257478,0.04397801099450275,True,0.05,2000,50,200000,3279576815,0.011749600002076477
5000,1018,carryover_crt,2500,two-sided,ok,,-1.4243804473829271,0.044977511244377814,True,0.05,2000,50,125000,4878603,0.011122600000817329
5000,1018,carryover_crt,5000,two-sided,ok,,-0.21911503507736335,0.824087956021989,False,0.05,2000,25,125000,185604396,0.00961700000334531
5000,1018,carryover_crt,10000,two-sided,ok,,-3.722028664180264,0.0024987506246876563,True,0.05,2000,16,80000,1336984496,0.00871039999765344
5000,1018,total_effect_crt,5000,greater,ok,,0.06355963547798721,0.4802598700649675,False,0.05,2000,22,110000,1823958281,0.008998999983305112
5000,1019,anticipation_pirt,-1,greater,ok,,0.0004296578737830717,0.6901549225387307,False,0.05,2000,99,10000,3411475410,0.014943899994250387
5000,1019,carryover_crt,0,two-sided,ok,,1.9850821144610495,0.0034982508745627187,True,0.05,2000,50,250000,2762566235,0.010707400011597201
5000,1019,carryover_crt,1000,two-sided,ok,,1.8753191570186984,0.005997001499250375,True,0.05,2000,50,200000,2420307024,0.010610800003632903
5000,1019,carryover_crt,2500,two-sided,ok,,1.803710677966267,0.005497251374312844,True,0.05,2000,50,125000,3839600350,0.01096819998929277
5000,1019,carryover_crt,5000,two-sided,ok,,-1.3118017299752531,0.1714142928535732,False,0.05,2000,25,125000,3529718411,0.009133200015639886
5000,1019,carryover_crt,10000,two-sided,ok,,1.9296047065936026,0.12993503248375812,False,0.05,2000,16,80000,3493291896,0.01004530000500381
5000,1019,total_effect_crt,5000,greater,ok,,2.3004454709190343,0.02348825587206397,True,0.05,2000,21,105000,27192629,0.009906400024192408
5000,1020,anticipation_pirt,-1,greater,ok,,0.000639097483345138,0.9980009995002499,False,0.05,2000,99,10000,628526485,0.02146680001169443
5000,1020,carryover_crt,0,two-sided,ok,,0.26307279427044095,0.7001499250374813,False,0.05,2000,50,250000,3160540616,0.011224799993215129
5000,1020,carryover_crt,1000,two-sided,ok,,0.17414989617329094,0.8170914542728636,False,0.05,2000,50,200000,1109907755,0.010727699991548434
5000,1020,carryover_crt,2500,two-sided,ok,,0.1421967970005871,0.8460769615192404,False,0.05,2000,50,125000,373713212,0.010336100007407367
5000,1020,carryover_crt,5000,two-sided,ok,,-0.8088092605842649,0.45327336331834084,False,0.05,2000,25,125000,3066290502,0.01035640001646243
5000,1020,carryover_crt,10000,two-sided,ok,,-0.3952067410469521,0.7606196901549226,False,0.05,2000,16,80000,2790805449,0.008358699997188523
5000,1020,total_effect_crt,5000,greater,ok,,1.5891074425018676,0.06096951524237881,False,0.05,2000,23,115000,1009616235,0.009991400002036244
5000,1021,anticipation_pirt,-1,greater,ok,,-0.0007754178627119064,0.009495252373813094,True,0.05,2000,99,5000,1743104508,0.015286099980585277
5000,1021,carryover_crt,0,two-sided,ok,,0.1467518361544908,0.8215892053973014,False,0.05,2000,50,250000,3057690602,0.010604000010062009
5000,1021,carryover_crt,1000,two-sided,ok,,0.05232509833255785,0.936031984007996,False,0.05,2000,50,200000,2220171365,0.010460799996508285
5000,1021,carryover_crt,2500,two-sided,ok,,0.01197551913762088,0.9870064967516242,False,0.05,2000,50,125000,1428462911,0.010819299990544096
5000,1021,carryover_crt,5000,two-sided,ok,,-0.021921599874705038,0.9805097451274363,False,0.05,2000,25,125000,2414032727,0.00949860000400804
5000,1021,carryover_crt,10000,two-sided,ok,,0.21156349468040275,0.8600699650174912,False,0.05,2000,16,80000,4271836077,0.008911499986425042
5000,1021,total_effect_crt,5000,greater,ok,,1.0087516998931765,0.13393303348325838,False,0.05,2000,29,145000,1648552037,0.009419399983016774
5000,1022,anticipation_pirt,-1,greater,ok,,-0.0005965779771917253,0.25987006496751625,False,0.05,2000,99,5000,1065388782,0.022608699975535274
5000,1022,carryover_crt,0,two-sided,ok,,0.5063471885047852,0.43478260869565216,False,0.05,2000,50,250000,1048816740,0.013374799978919327
5000,1022,carryover_crt,1000,two-sided,ok,,0.40510419090446076,0.568215892053973,False,0.05,2000,50,200000,3494420745,0.011015099997166544
5000,1022,carryover_crt,2500,two-sided,ok,,0.38886431105250113,0.5647176411794103,False,0.05,2000,50,125000,3764846875,0.011276800010818988
5000,1022,carryover_crt,5000,two-sided,ok,,-2.1146220317645965,0.02148925537231384,True,0.05,2000,25,125000,1206007013,0.011589900008402765
5000,1022,carryover_crt,10000,two-sided,ok,,-0.5126432381468824,0.6376811594202898,False,0.05,2000,16,80000,3560106138,0.010112899995874614
5000,1022,total_effect_crt,5000,greater,ok,,0.7715439819906392,0.22338830584707647,False,0.05,2000,23,115000,1862333236,0.00911640000413172
5000,1023,anticipation_pirt,-1,greater,ok,,-0.00023896969138600266,0.4592703648175912,False,0.05,2000,99,5000,185182624,0.014901599992299452
5000,1023,carryover_crt,0,two-sided,ok,,-0.46998238898351785,0.4897551224387806,False,0.05,2000,50,250000,3455735313,0.010905500006629154
5000,1023,carryover_crt,1000,two-sided,ok,,-0.5589827868556604,0.4147926036981509,False,0.05,2000,50,200000,1317548709,0.011470800003735349
5000,1023,carryover_crt,2500,two-sided,ok,,-0.5854956664351819,0.4017991004497751,False,0.05,2000,50,125000,3467565656,0.01071510001202114
5000,1023,carryover_crt,5000,two-sided,ok,,-1.4821068462077975,0.15242378810594703,False,0.05,2000,25,125000,2328758514,0.009273999981814995
5000,1023,carryover_crt,10000,two-sided,ok,,-1.7839042105742733,0.1794102948525737,False,0.05,2000,16,80000,4062043483,0.00893119999091141
5000,1023,total_effect_crt,5000,greater,ok,,0.45132515589604155,0.3308345827086457,False,0.05,2000,24,120000,4294154598,0.009365500009153038
5000,1024,anticipation_pirt,-1,greater,ok,,0.00011003131143683509,0.6081959020489756,False,0.05,2000,99,5000,3965215727,0.014357899985043332
5000,1024,carryover_crt,0,two-sided,ok,,0.08219263799071315,0.9000499750124937,False,0.05,2000,50,250000,1766397351,0.010499800002435222
5000,1024,carryover_crt,1000,two-sided,ok,,0.014814499478396019,0.9825087456271864,False,0.05,2000,50,200000,20242031,0.010395599994808435
5000,1024,carryover_crt,2500,two-sided,ok,,0.018978719243854157,0.9700149925037481,False,0.05,2000,50,125000,2517654489,0.010505900019779801
5000,1024,carryover_crt,5000,two-sided,ok,,-0.3663100726804435,0.6891554222888556,False,0.05,2000,25,125000,731923117,0.009538100013742223
5000,1024,carryover_crt,10000,two-sided,ok,,-0.10994749716022056,0.9260369815092454,False,0.05,2000,16,80000,3791363051,0.009435199986910447
5000,1024,total_effect_crt,5000,greater,ok,,-0.037830222010143376,0.5317341329335332,False,0.05,2000,27,135000,2984428943,0.009353200002806261
5000,1025,anticipation_pirt,-1,greater,ok,,0.0005672359145361249,0.8465767116441779,False,0.05,2000,99,10000,294796357,0.015566399990348145
5000,1025,carryover_crt,0,two-sided,ok,,0.5469530271306934,0.43428285857071464,False,0.05,2000,50,250000,2316019071,0.010197099996730685
5000,1025,carryover_crt,1000,two-sided,ok,,0.48426998865285875,0.49825087456271866,False,0.05,2000,50,200000,1729587487,0.010350199998356402
5000,1025,carryover_crt,2500,two-sided,ok,,0.47055278822746877,0.5067466266866567,False,0.05,2000,50,125000,2475300427,0.01002009998774156
5000,1025,carryover_crt,5000,two-sided,ok,,0.6219142258726953,0.519240379810095,False,0.05,2000,25,125000,3687044012,0.009541000006720424
5000,1025,carryover_crt,10000,two-sided,ok,,0.6028889860235155,0.6416791604197901,False,0.05,2000,16,80000,789557002,0.008485300000756979
5000,1025,total_effect_crt,5000,greater,ok,,1.622334307225845,0.03698150924537731,True,0.05,2000,29,145000,1760563218,0.009210200019879267
5000,1026,anticipation_pirt,-1,greater,ok,,0.0003303422346413043,0.5957021489255372,False,0.05,2000,99,5000,1093335212,0.020596499991370365
5000,1026,carryover_crt,0,two-sided,ok,,1.0015626969071774,0.136431784107946,False,0.05,2000,50,250000,2591607027,0.011413399974117056
5000,1026,carryover_crt,1000,two-sided,ok,,0.881539579307381,0.1934032983508246,False,0.05,2000,50,200000,2210382488,0.01245439998456277
5000,1026,carryover_crt,2500,two-sided,ok,,0.8112702206479011,0.2283858070964518,False,0.05,2000,50,125000,3217409794,0.010969599999953061
5000,1026,carryover_crt,5000,two-sided,ok,,-0.776936621916026,0.41829085457271364,False,0.05,2000,25,125000,1388562299,0.008930600015446544
5000,1026,carryover_crt,10000,two-sided,ok,,-1.054247476693848,0.4177911044477761,False,0.05,2000,16,80000,3778604902,0.009016500000143424
5000,1026,total_effect_crt,5000,greater,ok,,1.608887615450569,0.06146926536731634,False,0.05,2000,23,115000,3612117261,0.00960390002001077
5000,1027,anticipation_pirt,-1,greater,ok,,-0.0005835793297241383,0.33483258370814595,False,0.05,2000,99,5000,2531852315,0.016462600004160777
5000,1027,carryover_crt,0,two-sided,ok,,0.27402271387328214,0.6856571714142928,False,0.05,2000,50,250000,2951541559,0.010930699994787574
5000,1027,carryover_crt,1000,two-sided,ok,,0.16577869637480003,0.8295852073963018,False,0.05,2000,50,200000,534690617,0.011068899999372661
5000,1027,carryover_crt,2500,two-sided,ok,,0.09286767821854353,0.9035482258870565,False,0.05,2000,50,125000,3866756898,0.011840100021800026
5000,1027,carryover_crt,5000,two-sided,ok,,-0.3946284719727933,0.6911544227886057,False,0.05,2000,25,125000,803291064,0.009219600004144013
5000,1027,carryover_crt,10000,two-sided,ok,,1.1586457232259213,0.3938030984507746,False,0.05,2000,16,80000,241880971,0.009255900018615648
5000,1027,total_effect_crt,5000,greater,ok,,1.0053814765275146,0.1629185407296352,False,0.05,2000,24,120000,3618391894,0.009551299997838214
5000,1028,anticipation_pirt,-1,greater,ok,,-0.0007553063474886045,0.01249375312343828,True,0.05,2000,99,10000,325912810,0.019972599984612316
5000,1028,carryover_crt,0,two-sided,ok,,-1.0938798145299404,0.14642678660669664,False,0.05,2000,50,250000,3499783037,0.010559899994404987
5000,1028,carryover_crt,1000,two-sided,ok,,-1.2524044712046345,0.10344827586206896,False,0.05,2000,50,200000,102379781,0.010421300015877932
5000,1028,carryover_crt,2500,two-sided,ok,,-1.3502537288882437,0.07746126936531735,False,0.05,2000,50,125000,2089945525,0.010293800005456433
5000,1028,carryover_crt,5000,two-sided,ok,,-0.79035854182744,0.4737631184407796,False,0.05,2000,25,125000,832197981,0.008915999991586432
5000,1028,carryover_crt,10000,two-sided,ok,,0.11059149549668656,0.9370314842578711,False,0.05,2000,16,80000,1613028701,0.015493499988224357
5000,1028,total_effect_crt,5000,greater,ok,,2.0250181760430337,0.04697651174412794,True,0.05,2000,18,90000,3430630062,0.009332099987659603
5000,1029,anticipation_pirt,-1,greater,ok,,-0.0005382743447148148,0.09195402298850575,False,0.05,2000,99,5000,2270057631,0.01484869999694638
5000,1029,carryover_crt,0,two-sided,ok,,0.824130700890079,0.26036981509245377,False,0.05,2000,50,250000,3029008547,0.010248499980662018
5000,1029,carryover_crt,1000,two-sided,ok,,0.7148021833221802,0.3568215892053973,False,0.05,2000,50,200000,1800032165,0.01063939998857677
5000,1029,carryover_crt,2500,two-sided,ok,,0.6805207838512958,0.3523238380809595,False,0.05,2000,50,125000,4241136189,0.011064899998018518
5000,1029,carryover_crt,5000,two-sided,ok,,0.4483900700297059,0.6761619190404797,False,0.05,2000,25,125000,384125318,0.009230700001353398
5000,1029,carryover_crt,10000,two-sided,ok,,0.5977957363498396,0.6531734132933533,False,0.05,2000,16,80000,2615743723,0.009139900008449331
5000,1029,total_effect_crt,5000,greater,ok,,3.395565088766658,0.001999000499750125,True,0.05,2000,24,120000,1832311661,0.009082000004127622
5000,1030,anticipation_pirt,-1,greater,ok,,0.0006950368088356049,0.856071964017991,False,0.05,2000,99,5000,1559371745,0.015669000014895573
5000,1030,carryover_crt,0,two-sided,ok,,1.1286374141735585,0.11644177911044477,False,0.05,2000,50,250000,1327667495,0.013508200005162507
5000,1030,carryover_crt,1000,two-sided,ok,,1.0361580760974625,0.16391804097951024,False,0.05,2000,50,200000,3452546269,0.011559300008229911
5000,1030,carryover_crt,2500,two-sided,ok,,0.999741097430855,0.19390304847576212,False,0.05,2000,50,125000,314044134,0.011362799996277317
5000,1030,carryover_crt,5000,two-sided,ok,,1.9224121161612868,0.047976011994003,True,0.05,2000,25,125000,384658265,0.009523299988359213
5000,1030,carryover_crt,10000,two-sided,ok,,0.8687569803399035,0.519240379810095,False,0.05,2000,16,80000,3772031933,0.008416399999987334
5000,1030,total_effect_crt,5000,greater,ok,,2.8941388958336027,0.0034982508745627187,True,0.05,2000,27,135000,3525200318,0.009025700011989102
5000,1031,anticipation_pirt,-1,greater,ok,,0.00043434228118510645,0.6611694152923538,False,0.05,2000,99,5000,1009617391,0.016442099993582815
5000,1031,carryover_crt,0,two-sided,ok,,0.09421495787932,0.9105447276361819,False,0.05,2000,50,250000,3497968486,0.010935400001471862
5000,1031,carryover_crt,1000,two-sided,ok,,-0.026311899820640604,0.9690154922538731,False,0.05,2000,50,200000,2348697096,0.011287200002698228
5000,1031,carryover_crt,2500,two-sided,ok,,-0.10813887800082542,0.8925537231384307,False,0.05,2000,50,125000,4003847381,0.010593300015898421
5000,1031,carryover_crt,5000,two-sided,ok,,1.001538056996256,0.32233883058470764,False,0.05,2000,25,125000,570540839,0.010668699978850782
5000,1031,carryover_crt,10000,two-sided,ok,,-0.2869547438523733,0.8280859570214892,False,0.05,2000,16,80000,2457067745,0.008834400010528043
5000,1031,total_effect_crt,5000,greater,ok,,1.6630413404658693,0.028985507246376812,True,0.05,2000,29,145000,3322858184,0.009699900023406371
5000,1032,anticipation_pirt,-1,greater,ok,,-0.0007195848794377352,0.04547726136931534,True,0.05,2000,99,10000,3531005453,0.02057960000820458
5000,1032,carryover_crt,0,two-sided,ok,,-0.5418495077619255,0.447776111944028,False,0.05,2000,50,250000,13495032,0.011609099979978055
5000,1032,carryover_crt,1000,two-sided,ok,,-0.6577285850604436,0.3468265867066467,False,0.05,2000,50,200000,1720035589,0.010738100012531504
5000,1032,carryover_crt,2500,two-sided,ok,,-0.6739089443377853,0.3448275862068966,False,0.05,2000,50,125000,2734655466,0.010788400017190725
5000,1032,carryover_crt,5000,two-sided,ok,,0.7829985416638253,0.38830584707646176,False,0.05,2000,25,125000,1077777,0.009581099991919473
5000,1032,carryover_crt,10000,two-sided,ok,,0.8820774793110322,0.4992503748125937,False,0.05,2000,16,80000,2095243265,0.009471500001382083
5000,1032,total_effect_crt,5000,greater,ok,,0.6338999846827239,0.2868565717141429,False,0.05,2000,20,100000,895588743,0.009250400005839765
5000,1033,anticipation_pirt,-1,greater,ok,,0.0008654307246535777,0.9265367316341829,False,0.05,2000,99,5000,3480392868,0.017273300007218495
5000,1033,carryover_crt,0,two-sided,ok,,0.1633323167830855,0.8285857071464268,False,0.05,2000,50,250000,3471191471,0.01063639999483712
5000,1033,carryover_crt,1000,two-sided,ok,,0.05983619906568885,0.9300349825087456,False,0.05,2000,50,200000,400457610,0.01326480001443997
5000,1033,carryover_crt,2500,two-sided,ok,,-0.025733918956100946,0.975512243878061,False,0.05,2000,50,125000,2330319073,0.01038750002044253
5000,1033,carryover_crt,5000,two-sided,ok,,0.890082379912406,0.3933033483258371,False,0.05,2000,25,125000,2406171825,0.009253199998056516
5000,1033,carryover_crt,10000,two-sided,ok,,-0.7587754831923172,0.5572213893053474,False,0.05,2000,16,80000,1893270441,0.008940800005802885
5000,1033,total_effect_crt,5000,greater,ok,,1.6145900431986748,0.050974512743628186,False,0.05,2000,25,125000,953451548,0.009057600022060797
5000,1034,anticipation_pirt,-1,greater,ok,,-0.0005257318666764789,0.0814592703648176,False,0.05,2000,99,10000,1810563269,0.020324000011896715
5000,1034,carryover_crt,0,two-sided,ok,,-0.4988907087143062,0.47476261869065467,False,0.05,2000,50,250000,1788430272,0.010263300006045029
5000,1034,carryover_crt,1000,two-sided,ok,,-0.6360894857700541,0.3538230884557721,False,0.05,2000,50,200000,3726797363,0.010947100003249943
5000,1034,carryover_crt,2500,two-sided,ok,,-0.6815161447864174,0.3218390804597701,False,0.05,2000,50,125000,508660581,0.010604299983242527
5000,1034,carryover_crt,5000,two-sided,ok,,-1.0326428565082848,0.2818590704647676,False,0.05,2000,25,125000,4194955883,0.00980519998120144
5000,1034,carryover_crt,10000,two-sided,ok,,1.1068689745508133,0.3613193403298351,False,0.05,2000,16,80000,2894417444,0.009547699999529868
5000,1034,total_effect_crt,5000,greater,ok,,0.45180207652585663,0.33033483258370816,False,0.05,2000,23,115000,852983734,0.010234300018055364
5000,1035,anticipation_pirt,-1,greater,ok,,0.000844341881729415,0.9295352323838081,False,0.05,2000,99,7500,2658451738,0.01652589999139309
5000,1035,carryover_crt,0,two-sided,ok,,-0.559863907554075,0.42828585707146427,False,0.05,2000,50,250000,2788827745,0.01106169997365214
5000,1035,carryover_crt,1000,two-sided,ok,,-0.6471130854793824,0.3968015992003998,False,0.05,2000,50,200000,3035940935,0.011602199985645711
5000,1035,carryover_crt,2500,two-sided,ok,,-0.6606127848221957,0.3698150924537731,False,0.05,2000,50,125000,1659763459,0.010682699998142198
5000,1035,carryover_crt,5000,two-sided,ok,,0.3232919928410649,0.777111444277861,False,0.05,2000,25,125000,1811580870,0.010627799987560138
5000,1035,carryover_crt,10000,two-sided,ok,,0.6425062348698729,0.6231884057971014,False,0.05,2000,16,80000,1641350933,0.009491900011198595
5000,1035,total_effect_crt,5000,greater,ok,,1.681472422149577,0.03798100949525238,True,0.05,2000,26,130000,3011290946,0.010221100004855543
5000,1036,anticipation_pirt,-1,greater,ok,,-0.0005819066583767159,0.28235882058970513,False,0.05,2000,99,10000,3909309614,0.020166600006632507
5000,1036,carryover_crt,0,two-sided,ok,,1.0978938944933265,0.13143428285857073,False,0.05,2000,50,250000,690156915,0.010145300009753555
5000,1036,carryover_crt,1000,two-sided,ok,,1.0206506762767025,0.14042978510744628,False,0.05,2000,50,200000,2855891187,0.010586599993985146
5000,1036,carryover_crt,2500,two-sided,ok,,1.0020346975212693,0.15892053973013492,False,0.05,2000,50,125000,3836398004,0.010734000010415912
5000,1036,carryover_crt,5000,two-sided,ok,,0.3952769511545302,0.6941529235382309,False,0.05,2000,25,125000,2286428546,0.00990299999830313
5000,1036,carryover_crt,10000,two-sided,ok,,3.5598656690056902,0.0014992503748125937,True,0.05,2000,16,80000,3686740833,0.00846149999415502
5000,1036,total_effect_crt,5000,greater,ok,,2.394110184766382,0.01249375312343828,True,0.05,2000,25,125000,450837580,0.008983200008515269
5000,1037,anticipation_pirt,-1,greater,ok,,-0.0004952532968102837,0.3798100949525237,False,0.05,2000,99,10000,3761405211,0.015236500010360032
5000,1037,carryover_crt,0,two-sided,ok,,-0.6304162251438051,0.392303848075962,False,0.05,2000,50,250000,3087535714,0.011001800012309104
5000,1037,carryover_crt,1000,two-sided,ok,,-0.7263357827014477,0.32233883058470764,False,0.05,2000,50,200000,1699163716,0.01171639998210594
5000,1037,carryover_crt,2500,two-sided,ok,,-0.7599916613110602,0.3073463268365817,False,0.05,2000,50,125000,1710475862,0.012420500017469749
5000,1037,carryover_crt,5000,two-sided,ok,,-0.10825951757541294,0.9150424787606197,False,0.05,2000,25,125000,1342880825,0.010821300005773082
5000,1037,carryover_crt,10000,two-sided,ok,,-0.0024477496265436494,0.9995002498750625,False,0.05,2000,16,80000,88267672,0.008408499998040497
5000,1037,total_effect_crt,5000,greater,ok,,1.4632975666998624,0.07196401799100449,False,0.05,2000,25,125000,350809165,0.00999930000398308
5000,1038,anticipation_pirt,-1,greater,ok,,-0.0005244121268937555,0.43778110944527737,False,0.05,2000,99,5000,1230630586,0.01899699997738935
5000,1038,carryover_crt,0,two-sided,ok,,0.4827624689850659,0.4847576211894053,False,0.05,2000,50,250000,3888619472,0.01286919999984093
5000,1038,carryover_crt,1000,two-sided,ok,,0.3902692912997865,0.5807096451774113,False,0.05,2000,50,200000,1082509625,0.012904200004413724
5000,1038,carryover_crt,2500,two-sided,ok,,0.35563951203653216,0.6191904047976012,False,0.05,2000,50,125000,2418838792,0.01318039998295717
5000,1038,carryover_crt,5000,two-sided,ok,,-0.2605521538893282,0.7871064467766117,False,0.05,2000,25,125000,2352369779,0.013574700016761199
5000,1038,carryover_crt,10000,two-sided,ok,,1.8232417090578472,0.16941529235382308,False,0.05,2000,16,80000,3215994256,0.008828299993183464
5000,1038,total_effect_crt,5000,greater,ok,,1.5149785252287686,0.06946526736631684,False,0.05,2000,25,125000,58392604,0.015133700013393536
5000,1039,anticipation_pirt,-1,greater,ok,,0.000839595754082849,0.9890054972513743,False,0.05,2000,99,10000,2775318536,0.01744569998118095
5000,1039,carryover_crt,0,two-sided,ok,,-1.0617228557918668,0.12843578210894552,False,0.05,2000,50,250000,1082989108,0.010686100024031475
5000,1039,carryover_crt,1000,two-sided,ok,,-1.1672401730928943,0.10144927536231885,False,0.05,2000,50,200000,1903341267,0.011111900006653741
5000,1039,carryover_crt,2500,two-sided,ok,,-1.1934796523678601,0.09295352323838081,False,0.05,2000,50,125000,647049427,0.01174620000529103
5000,1039,carryover_crt,5000,two-sided,ok,,0.5412161476667223,0.5602198900549725,False,0.05,2000,25,125000,466815821,0.009027199994307011
5000,1039,carryover_crt,10000,two-sided,ok,,-2.487417442628555,0.031484257871064465,True,0.05,2000,16,80000,2178660351,0.008914599980926141
5000,1039,total_effect_crt,5000,greater,ok,,0.3957329899970132,0.33183408295852074,False,0.05,2000,24,120000,995999988,0.009342200006358325
5000,1040,anticipation_pirt,-1,greater,ok,,-0.0005069781725292981,0.02048975512243878,True,0.05,2000,99,5000,347132216,0.020922600000631064
5000,1040,carryover_crt,0,two-sided,ok,,0.7953930218093694,0.21989005497251374,False,0.05,2000,50,250000,1184816938,0.010783500008983538
5000,1040,carryover_crt,1000,two-sided,ok,,0.7316776835101285,0.2733633183408296,False,0.05,2000,50,200000,1153418439,0.011358199990354478
5000,1040,carryover_crt,2500,two-sided,ok,,0.7556236627820432,0.25787106446776614,False,0.05,2000,50,125000,619057462,0.011405099998228252
5000,1040,carryover_crt,5000,two-sided,ok,,-0.8519895809955298,0.36531734132933535,False,0.05,2000,25,125000,977742533,0.011228600022150204
5000,1040,carryover_crt,10000,two-sided,ok,,0.28005149303097276,0.8355822088955522,False,0.05,2000,16,80000,3951515762,0.00955339998472482
5000,1040,total_effect_crt,5000,greater,ok,,1.1220521221590816,0.10944527736131934,False,0.05,2000,27,135000,3090920998,0.009444800001801923
5000,1041,anticipation_pirt,-1,greater,ok,,-0.0005882071023924637,0.33183408295852074,False,0.05,2000,99,5000,4094958753,0.015404500009026378
5000,1041,carryover_crt,0,two-sided,ok,,0.40213735060203076,0.5822088955522239,False,0.05,2000,50,250000,3668356310,0.010843299998668954
5000,1041,carryover_crt,1000,two-sided,ok,,0.29647469331568105,0.6746626686656672,False,0.05,2000,50,200000,1062654819,0.010861799994017929
5000,1041,carryover_crt,2500,two-sided,ok,,0.272795833785981,0.7161419290354822,False,0.05,2000,50,125000,1466302682,0.010210900014499202
5000,1041,carryover_crt,5000,two-sided,ok,,0.7555990219861269,0.4707646176911544,False,0.05,2000,25,125000,749225281,0.009106500016059726
5000,1041,carryover_crt,10000,two-sided,ok,,-0.515243238131795,0.7136431784107946,False,0.05,2000,16,80000,2880851740,0.008925400004955009
5000,1041,total_effect_crt,5000,greater,ok,,2.1143576170856133,0.027486256871564217,True,0.05,2000,24,120000,1554001390,0.008951499999966472
5000,1042,anticipation_pirt,-1,greater,ok,,0.0008356812651908627,0.974512743628186,False,0.05,2000,99,5000,1399965762,0.01979559997562319
5000,1042,carryover_crt,0,two-sided,ok,,0.6906208646619768,0.3258370814592704,False,0.05,2000,50,250000,1487370935,0.011054899980081245
5000,1042,carryover_crt,1000,two-sided,ok,,0.5844856867936997,0.4147926036981509,False,0.05,2000,50,200000,2505447569,0.011506500013638288
5000,1042,carryover_crt,2500,two-sided,ok,,0.5320105484471918,0.46276861569215394,False,0.05,2000,50,125000,3385970619,0.010420399979921058
5000,1042,carryover_crt,5000,two-sided,ok,,0.3051836731366218,0.769615192403798,False,0.05,2000,25,125000,933849536,0.010362000000895932
5000,1042,carryover_crt,10000,two-sided,ok,,-0.8429102313406299,0.5582208895552224,False,0.05,2000,16,80000,294394622,0.009172799997031689
5000,1042,total_effect_crt,5000,greater,ok,,2.3490502544033984,0.012993503248375811,True,0.05,2000,26,130000,2549912465,0.009159100009128451
5000,1043,anticipation_pirt,-1,greater,ok,,0.00021968547313990227,0.7091454272863568,False,0.05,2000,99,10000,446413103,0.015242299996316433
5000,1043,carryover_crt,0,two-sided,ok,,-0.023897119540706235,0.9760119940029985,False,0.05,2000,50,250000,1680214973,0.01061290001962334
5000,1043,carryover_crt,1000,two-sided,ok,,-0.1592472966076992,0.8335832083958021,False,0.05,2000,50,200000,720225816,0.010286600008839741
5000,1043,carryover_crt,2500,two-sided,ok,,-0.23319599521929033,0.7486256871564217,False,0.05,2000,50,125000,2932827762,0.010365599999204278
5000,1043,carryover_crt,5000,two-sided,ok,,1.0062270168053509,0.3248375812093953,False,0.05,2000,25,125000,2039886362,0.010478699987288564
5000,1043,carryover_crt,10000,two-sided,ok,,-0.476402988371113,0.7176411794102948,False,0.05,2000,16,80000,1051295960,0.00898749998304993
5000,1043,total_effect_crt,5000,greater,ok,,1.888390355948299,0.029985007496251874,True,0.05,2000,25,125000,4128290308,0.010407800000393763
5000,1044,anticipation_pirt,-1,greater,ok,,0.0005632817298254688,0.9830084957521239,False,0.05,2000,99,10000,2479142793,0.019446499994955957
5000,1044,carryover_crt,0,two-sided,ok,,0.14025463603180652,0.8505747126436781,False,0.05,2000,50,250000,1250093984,0.011401900002965704
5000,1044,carryover_crt,1000,two-sided,ok,,0.05494769830392666,0.9425287356321839,False,0.05,2000,50,200000,1766961869,0.011456400010501966
5000,1044,carryover_crt,2500,two-sided,ok,,0.029352158807724668,0.9655172413793104,False,0.05,2000,50,125000,1656462392,0.010238599992590025
5000,1044,carryover_crt,5000,two-sided,ok,,0.8973156597324907,0.33833083458270863,False,0.05,2000,25,125000,431756944,0.010354600002756342
5000,1044,carryover_crt,10000,two-sided,ok,,0.7416327326024417,0.56071964017991,False,0.05,2000,16,80000,2552096955,0.008529399987310171
5000,1044,total_effect_crt,5000,greater,ok,,1.0683007744457076,0.1184407796101949,False,0.05,2000,30,150000,4097773778,0.009348300023702905
5000,1045,anticipation_pirt,-1,greater,ok,,0.0004712123568542633,0.6951524237881059,False,0.05,2000,99,10000,1056726933,0.016455100005259737
5000,1045,carryover_crt,0,two-sided,ok,,0.6417071055815221,0.34332833583208394,False,0.05,2000,50,250000,1253409946,0.011524600005941465
5000,1045,carryover_crt,1000,two-sided,ok,,0.5655480874454044,0.4062968515742129,False,0.05,2000,50,200000,496072346,0.011139400012325495
5000,1045,carryover_crt,2500,two-sided,ok,,0.5528561482375263,0.4127936031984008,False,0.05,2000,50,125000,2661317816,0.010537599999224767
5000,1045,carryover_crt,5000,two-sided,ok,,-0.8272783808237912,0.41329335332333833,False,0.05,2000,25,125000,2252437795,0.008855099993525073
5000,1045,carryover_crt,10000,two-sided,ok,,0.43592099052015687,0.7136431784107946,False,0.05,2000,16,80000,4212871810,0.009829199989326298
5000,1045,total_effect_crt,5000,greater,ok,,1.0262255485404017,0.1409295352323838,False,0.05,2000,28,140000,4006657267,0.009558699995977804
5000,1046,anticipation_pirt,-1,greater,ok,,-0.0008287227378269879,0.062468765617191405,False,0.05,2000,99,10000,1380951895,0.021059100021375343
5000,1046,carryover_crt,0,two-sided,ok,,0.7529617422470598,0.2623688155922039,False,0.05,2000,50,250000,114518966,0.011790999997174367
5000,1046,carryover_crt,1000,two-sided,ok,,0.6534124844371901,0.36431784107946025,False,0.05,2000,50,200000,3279620396,0.011314100003801286
5000,1046,carryover_crt,2500,two-sided,ok,,0.6375771047040224,0.36931534232883556,False,0.05,2000,50,125000,3078563259,0.010292499995557591
5000,1046,carryover_crt,5000,two-sided,ok,,-0.5337747074219884,0.6056971514242878,False,0.05,2000,25,125000,4054775982,0.00989269997808151
5000,1046,carryover_crt,10000,two-sided,ok,,-0.4699794897575863,0.7226386806596702,False,0.05,2000,16,80000,1043398358,0.008922799985157326
5000,1046,total_effect_crt,5000,greater,ok,,1.4756567062655808,0.06996501749125437,False,0.05,2000,27,135000,1483691849,0.009300699981395155
5000,1047,anticipation_pirt,-1,greater,ok,,0.00030144678854321496,0.551224387806097,False,0.05,2000,99,5000,81453260,0.017012199998134747
5000,1047,carryover_crt,0,two-sided,ok,,0.12998455719082064,0.8575712143928036,False,0.05,2000,50,250000,511454663,0.010791600012453273
5000,1047,carryover_crt,1000,two-sided,ok,,-0.006967900085616954,0.992503748125937,False,0.05,2000,50,200000,317158999,0.011623500002315268
5000,1047,carryover_crt,2500,two-sided,ok,,-0.07431759846165774,0.9080459770114943,False,0.05,2000,50,125000,64685154,0.011108000006061047
5000,1047,carryover_crt,5000,two-sided,ok,,1.1295223745462895,0.28785607196401797,False,0.05,2000,25,125000,3676411670,0.009943999990355223
5000,1047,carryover_crt,10000,two-sided,ok,,-1.9082469569495877,0.16741629185407297,False,0.05,2000,16,80000,456973845,0.009183400019537657
5000,1047,total_effect_crt,5000,greater,ok,,2.614732288202125,0.004497751124437781,True,0.05,2000,23,115000,739842169,0.009985499986214563
5000,1048,anticipation_pirt,-1,greater,ok,,0.0004373715783838964,0.6636681659170415,False,0.05,2000,99,5000,3584154836,0.020424799993634224
5000,1048,carryover_crt,0,two-sided,ok,,0.9366107786699683,0.15642178910544727,False,0.05,2000,50,250000,1243509851,0.010520300013013184
5000,1048,carryover_crt,1000,two-sided,ok,,0.8424285807552934,0.21189405297351324,False,0.05,2000,50,200000,53286091,0.011889200017321855
5000,1048,carryover_crt,2500,two-sided,ok,,0.8119177415872215,0.21539230384807595,False,0.05,2000,50,125000,3638184788,0.011545099987415597
5000,1048,carryover_crt,5000,two-sided,ok,,-0.7067803030068873,0.45377311344327836,False,0.05,2000,25,125000,4290893863,0.009037599986186251
5000,1048,carryover_crt,10000,two-sided,ok,,0.15044174668989152,0.912543728135932,False,0.05,2000,16,80000,3953797669,0.008707800006959587
5000,1048,total_effect_crt,5000,greater,ok,,1.2578450142968285,0.10294852573713144,False,0.05,2000,23,115000,177774146,0.009074100002180785
5000,1049,anticipation_pirt,-1,greater,ok,,0.0006691193465608645,0.768615692153923,False,0.05,2000,99,5000,1666962930,0.016176800010725856
5000,1049,carryover_crt,0,two-sided,ok,,0.5868080664119573,0.40679660169915044,False,0.05,2000,50,250000,4191709649,0.010965800000121817
5000,1049,carryover_crt,1000,two-sided,ok,,0.4779768891069294,0.527736131934033,False,0.05,2000,50,200000,108104368,0.011560299986740574
5000,1049,carryover_crt,2500,two-sided,ok,,0.43414655017334236,0.5427286356821589,False,0.05,2000,50,125000,541105495,0.0102912999864202
5000,1049,carryover_crt,5000,two-sided,ok,,-0.8309036608514785,0.4492753623188406,False,0.05,2000,25,125000,684748601,0.010035200015408918
5000,1049,carryover_crt,10000,two-sided,ok,,1.3861097184461542,0.2983508245877061,False,0.05,2000,16,80000,2295231599,0.008940700005041435
5000,1049,total_effect_crt,5000,greater,ok,,1.8013182661598692,0.033483258370814596,True,0.05,2000,26,130000,4082645793,0.011963500001002103
5000,1050,anticipation_pirt,-1,greater,ok,,0.0008210268370957408,0.8735632183908046,False,0.05,2000,99,5000,3477779385,0.01917509999475442
5000,1050,carryover_crt,0,two-sided,ok,,0.5668773473136277,0.4452773613193403,False,0.05,2000,50,250000,1085207151,0.011883400002261624
5000,1050,carryover_crt,1000,two-sided,ok,,0.4686895894074626,0.5157421289355323,False,0.05,2000,50,200000,3725388402,0.010975199984386563
5000,1050,carryover_crt,2500,two-sided,ok,,0.420959990741074,0.5657171414292853,False,0.05,2000,50,125000,3391686242,0.010635599988745525
5000,1050,carryover_crt,5000,two-sided,ok,,0.6462291049211919,0.4732633683158421,False,0.05,2000,25,125000,2138187447,0.00924660000600852
5000,1050,carryover_crt,10000,two-sided,ok,,-1.0261102250259837,0.4192903548225887,False,0.05,2000,16,80000,141978379,0.009157499996945262
5000,1050,total_effect_crt,5000,greater,ok,,1.885889290305034,0.030984507746126936,True,0.05,2000,27,135000,319180537,0.010622800007695332
5000,1051,anticipation_pirt,-1,greater,ok,,0.0006780967008039963,0.9850074962518741,False,0.05,2000,99,10000,2991781182,0.015747500001452863
5000,1051,carryover_crt,0,two-sided,ok,,-0.7512319029380383,0.2843578210894553,False,0.05,2000,50,250000,3755401842,0.010396600002422929
5000,1051,carryover_crt,1000,two-sided,ok,,-0.84190288085429,0.2288855572213893,False,0.05,2000,50,200000,2294706233,0.010858499997993931
5000,1051,carryover_crt,2500,two-sided,ok,,-0.8495470204953551,0.22138930534732634,False,0.05,2000,50,125000,2124685470,0.011700799979735166
5000,1051,carryover_crt,5000,two-sided,ok,,1.2427378917356433,0.1724137931034483,False,0.05,2000,25,125000,605835606,0.010061400011181831
5000,1051,carryover_crt,10000,two-sided,ok,,-1.328025719450228,0.2943528235882059,False,0.05,2000,16,80000,3126907454,0.009244799992302433
5000,1051,total_effect_crt,5000,greater,ok,,0.5822312908218606,0.2623688155922039,False,0.05,2000,23,115000,1872006254,0.009322600002633408
5000,1052,anticipation_pirt,-1,greater,ok,,-0.0002468913267260443,0.46476761619190404,False,0.05,2000,99,5000,909312232,0.014253700006520376
5000,1052,carryover_crt,0,two-sided,ok,,-1.2522218112438173,0.06646676661669165,False,0.05,2000,50,250000,631508431,0.011414999986300245
5000,1052,carryover_crt,1000,two-sided,ok,,-1.359231268664878,0.05847076461769116,False,0.05,2000,50,200000,452065961,0.012381599983200431
5000,1052,carryover_crt,2500,two-sided,ok,,-1.3733073282092512,0.03648175912043978,True,0.05,2000,50,125000,1214495138,0.010574999992968515
5000,1052,carryover_crt,5000,two-sided,ok,,-1.3588345285101235,0.1889055472263868,False,0.05,2000,25,125000,2025148837,0.008927499991841614
5000,1052,carryover_crt,10000,two-sided,ok,,-3.558883168009808,0.008995502248875561,True,0.05,2000,16,80000,245497202,0.009084499994060025
5000,1052,total_effect_crt,5000,greater,ok,,0.2337549579050254,0.4102948525737131,False,0.05,2000,27,135000,1730146305,0.009694999986095354
5000,1053,anticipation_pirt,-1,greater,ok,,-0.0006874351652011299,0.09045477261369315,False,0.05,2000,99,10000,384238590,0.015598800004227087
5000,1053,carryover_crt,0,two-sided,ok,,1.1709803729611488,0.08345827086456771,False,0.05,2000,50,250000,48949725,0.011554400000022724
5000,1053,carryover_crt,1000,two-sided,ok,,1.0816149752686919,0.11394302848575712,False,0.05,2000,50,200000,2911224669,0.010489200009033084
5000,1053,carryover_crt,2500,two-sided,ok,,1.0733788554215433,0.12593703148425786,False,0.05,2000,50,125000,2283214336,0.011363300000084564
5000,1053,carryover_crt,5000,two-sided,ok,,-0.7082835034751892,0.47176411794102946,False,0.05,2000,25,125000,981221160,0.010119200014742091
5000,1053,carryover_crt,10000,two-sided,ok,,1.203683222827222,0.29535232383808097,False,0.05,2000,16,80000,757551648,0.008475299982819706
5000,1053,total_effect_crt,5000,greater,ok,,1.7941099583219737,0.031484257871064465,True,0.05,2000,26,130000,412268080,0.009242800006177276
5000,1054,anticipation_pirt,-1,greater,ok,,0.0008315746647220569,0.9600199900049975,False,0.05,2000,99,5000,3991842747,0.020097300002817065
5000,1054,carryover_crt,0,two-sided,ok,,-0.525642227258727,0.4007996001999001,False,0.05,2000,50,250000,2014006066,0.010967200010782108
5000,1054,carryover_crt,1000,two-sided,ok,,-0.616026885161642,0.3583208395802099,False,0.05,2000,50,200000,304140609,0.010240100004011765
5000,1054,carryover_crt,2500,two-sided,ok,,-0.6451529437434376,0.3278360819590205,False,0.05,2000,50,125000,1568844508,0.010461099998792633
5000,1054,carryover_crt,5000,two-sided,ok,,0.010208319051593442,0.9890054972513743,False,0.05,2000,25,125000,72305113,0.009340599994175136
5000,1054,carryover_crt,10000,two-sided,ok,,-0.8516064800005874,0.47476261869065467,False,0.05,2000,16,80000,1136394463,0.009315400006016716
5000,1054,total_effect_crt,5000,greater,ok,,-0.28123737782460567,0.6211894052973513,False,0.05,2000,26,130000,1388435445,0.00910740002291277
5000,1055,anticipation_pirt,-1,greater,ok,,0.0008411300328051468,0.9015492253873063,False,0.05,2000,99,5000,3177411598,0.01597160001983866
5000,1055,carryover_crt,0,two-sided,ok,,0.22948943472056094,0.7411294352823589,False,0.05,2000,50,250000,2005477703,0.012451199989300221
5000,1055,carryover_crt,1000,two-sided,ok,,0.14019969674330202,0.8490754622688655,False,0.05,2000,50,200000,288922284,0.011948200000915676
5000,1055,carryover_crt,2500,two-sided,ok,,0.09468959764522308,0.8925537231384307,False,0.05,2000,50,125000,1817816531,0.011002000013832003
5000,1055,carryover_crt,5000,two-sided,ok,,0.5509772673790753,0.6031984007996002,False,0.05,2000,25,125000,3660222195,0.00978439999744296
5000,1055,carryover_crt,10000,two-sided,ok,,1.0867479762201664,0.4102948525737131,False,0.05,2000,16,80000,2519530025,0.009042899997439235
5000,1055,total_effect_crt,5000,greater,ok,,1.7446891023296862,0.03648175912043978,True,0.05,2000,28,140000,1270518976,0.00935029998072423
5000,1056,anticipation_pirt,-1,greater,ok,,0.0007794902020352345,0.9050474762618691,False,0.05,2000,99,10000,1273895635,0.020009900006698444
5000,1056,carryover_crt,0,two-sided,ok,,-0.017990319487497092,0.9790104947526237,False,0.05,2000,50,250000,1268119629,0.010666900023352355
5000,1056,carryover_crt,1000,two-sided,ok,,-0.12253879707457499,0.8640679660169915,False,0.05,2000,50,200000,637560788,0.010270200000377372
5000,1056,carryover_crt,2500,two-sided,ok,,-0.17534591587734222,0.7971014492753623,False,0.05,2000,50,125000,613969201,0.010336200008168817
5000,1056,carryover_crt,5000,two-sided,ok,,0.519589587816596,0.553223388305847,False,0.05,2000,25,125000,2006294138,0.009387199999764562
5000,1056,carryover_crt,10000,two-sided,ok,,0.39192274134112537,0.7691154422788605,False,0.05,2000,16,80000,3813602119,0.009925899998052046
5000,1056,total_effect_crt,5000,greater,ok,,0.9970262378180804,0.16491754122938532,False,0.05,2000,23,115000,1385732296,0.008888800017302856
5000,1057,anticipation_pirt,-1,greater,ok,,-0.00029994315334170907,0.32233883058470764,False,0.05,2000,99,10000,3816045442,0.016068800003267825
5000,1057,carryover_crt,0,two-sided,ok,,-1.8255649979093522,0.0079960019990005,True,0.05,2000,50,250000,2886559679,0.01088099999469705
5000,1057,carryover_crt,1000,two-sided,ok,,-2.0002989538354616,0.0079960019990005,True,0.05,2000,50,200000,1879149877,0.010352500015869737
5000,1057,carryover_crt,2500,two-sided,ok,,-2.067847632309705,0.006496751624187906,True,0.05,2000,50,125000,416673722,0.010213799978373572
5000,1057,carryover_crt,5000,two-sided,ok,,0.26676223443889613,0.8110944527736131,False,0.05,2000,25,125000,3165214431,0.009135899977991357
5000,1057,carryover_crt,10000,two-sided,ok,,-2.575279940968752,0.05997001499250375,False,0.05,2000,16,80000,2220584101,0.009260699996957555
5000,1057,total_effect_crt,5000,greater,ok,,0.009015200349837542,0.5017491254372813,False,0.05,2000,20,100000,3320857473,0.008892200014088303
5000,1058,anticipation_pirt,-1,greater,ok,,-0.0005200362769607239,0.39280359820089955,False,0.05,2000,99,5000,2838191857,0.01978659999440424
5000,1058,carryover_crt,0,two-sided,ok,,0.687629663960591,0.30184907546226886,False,0.05,2000,50,250000,2788558190,0.011179300025105476
5000,1058,carryover_crt,1000,two-sided,ok,,0.5694257866442018,0.41579210394802596,False,0.05,2000,50,200000,742254982,0.011092400003690273
5000,1058,carryover_crt,2500,two-sided,ok,,0.5190627078599335,0.42778610694652675,False,0.05,2000,50,125000,459799625,0.010223999997833744
5000,1058,carryover_crt,5000,two-sided,ok,,-2.3798300254595577,0.01249375312343828,True,0.05,2000,25,125000,362692862,0.010089300019899383
5000,1058,carryover_crt,10000,two-sided,ok,,-0.5947744855270721,0.6461769115442278,False,0.05,2000,16,80000,3440829697,0.010115900018718094
5000,1058,total_effect_crt,5000,greater,ok,,1.02216271220826,0.19140429785107446,False,0.05,2000,19,95000,1130100008,0.009045499988133088
5000,1059,anticipation_pirt,-1,greater,ok,,0.0006098880168506072,0.9290354822588706,False,0.05,2000,99,5000,928412018,0.021885900001507252
5000,1059,carryover_crt,0,two-sided,ok,,0.16971199596704545,0.8115942028985508,False,0.05,2000,50,250000,1613835830,0.01970380000420846
5000,1059,carryover_crt,1000,two-sided,ok,,0.02790339938608926,0.9685157421289355,False,0.05,2000,50,200000,3926034870,0.017849800002295524
5000,1059,carryover_crt,2500,two-sided,ok,,-0.050533119433343376,0.9440279860069966,False,0.05,2000,50,125000,281423064,0.015882000006968156
5000,1059,carryover_crt,5000,two-sided,ok,,0.279233434126228,0.7756121939030485,False,0.05,2000,25,125000,4194950938,0.011770100012654439
5000,1059,carryover_crt,10000,two-sided,ok,,-0.48723448827057136,0.7101449275362319,False,0.05,2000,16,80000,1728026043,0.012273900007130578
5000,1059,total_effect_crt,5000,greater,ok,,2.077447151740864,0.03248375812093953,True,0.05,2000,20,100000,2764252685,0.011184500006493181
5000,1060,anticipation_pirt,-1,greater,ok,,-0.00030363603898260786,0.33183408295852074,False,0.05,2000,99,5000,4243357426,0.02007099997717887
5000,1060,carryover_crt,0,two-sided,ok,,0.7894251018150896,0.2673663168415792,False,0.05,2000,50,250000,2973549527,0.0104867999907583
5000,1060,carryover_crt,1000,two-sided,ok,,0.6874888841022737,0.3278360819590205,False,0.05,2000,50,200000,998491856,0.010785599995870143
5000,1060,carryover_crt,2500,two-sided,ok,,0.6310140653631984,0.3613193403298351,False,0.05,2000,50,125000,2447057042,0.010054599988507107
5000,1060,carryover_crt,5000,two-sided,ok,,-0.4043011117485164,0.6781609195402298,False,0.05,2000,25,125000,3431913260,0.009531500021694228
5000,1060,carryover_crt,10000,two-sided,ok,,-0.4709447382758374,0.6991504247876063,False,0.05,2000,16,80000,863806499,0.008526099991286173
5000,1060,total_effect_crt,5000,greater,ok,,1.928670769794782,0.028985507246376812,True,0.05,2000,27,135000,376671605,0.009602800011634827
5000,1061,anticipation_pirt,-1,greater,ok,,-0.0004935839346133421,0.4097951024487756,False,0.05,2000,99,10000,3446302979,0.016133500001160428
5000,1061,carryover_crt,0,two-sided,ok,,-0.31535495277118686,0.6501749125437282,False,0.05,2000,50,250000,4095669043,0.011079799995059147
5000,1061,carryover_crt,1000,two-sided,ok,,-0.4296310902540201,0.5372313843078461,False,0.05,2000,50,200000,1454740460,0.0105518999916967
5000,1061,carryover_crt,2500,two-sided,ok,,-0.4403657499424518,0.5382308845577212,False,0.05,2000,50,125000,1731865286,0.010862900002393872
5000,1061,carryover_crt,5000,two-sided,ok,,-1.7951396387973428,0.07246376811594203,False,0.05,2000,25,125000,640606203,0.009222599997883663
5000,1061,carryover_crt,10000,two-sided,ok,,0.32437849308159206,0.7871064467766117,False,0.05,2000,16,80000,3676655994,0.009443599992664531
5000,1061,total_effect_crt,5000,greater,ok,,-0.33033539213947954,0.6211894052973513,False,0.05,2000,20,100000,988444376,0.009753100021043792
5000,1062,anticipation_pirt,-1,greater,ok,,-0.0003656448302179548,0.16391804097951024,False,0.05,2000,99,10000,1361308662,0.02001929999096319
5000,1062,carryover_crt,0,two-sided,ok,,0.10539479749575262,0.8855572213893054,False,0.05,2000,50,250000,4123725636,0.010980000020936131
5000,1062,carryover_crt,1000,two-sided,ok,,0.03488089888945231,0.9590204897551224,False,0.05,2000,50,200000,1901343897,0.010865399992326275
5000,1062,carryover_crt,2500,two-sided,ok,,-0.017587359686553547,0.9830084957521239,False,0.05,2000,50,125000,2957799085,0.01007489999756217
5000,1062,carryover_crt,5000,two-sided,ok,,0.7110555036174953,0.4737631184407796,False,0.05,2000,25,125000,3903885440,0.009432100021513179
5000,1062,carryover_crt,10000,two-sided,ok,,-0.5621709878261203,0.703648175912044,False,0.05,2000,16,80000,2837537549,0.010103199980221689
5000,1062,total_effect_crt,5000,greater,ok,,1.2005416193134426,0.08295852073963018,False,0.05,2000,34,170000,2579069588,0.01085430002422072
5000,1063,anticipation_pirt,-1,greater,ok,,-0.0003379110619297355,0.2193903048475762,False,0.05,2000,99,5000,3091872108,0.017060300015145913
5000,1063,carryover_crt,0,two-sided,ok,,0.09640711765615631,0.9055472263868066,False,0.05,2000,50,250000,511950862,0.010877399996388704
5000,1063,carryover_crt,1000,two-sided,ok,,-0.030836699798945367,0.9685157421289355,False,0.05,2000,50,200000,505372271,0.010952700016787276
5000,1063,carryover_crt,2500,two-sided,ok,,-0.04825759977462894,0.9485257371314343,False,0.05,2000,50,125000,1302275223,0.010530300001846626
5000,1063,carryover_crt,5000,two-sided,ok,,0.1716359959761499,0.847576211894053,False,0.05,2000,25,125000,447602018,0.009369799983687699
5000,1063,carryover_crt,10000,two-sided,ok,,0.21788374526435494,0.8565717141429285,False,0.05,2000,16,80000,1323805367,0.008659399987664074
5000,1063,total_effect_crt,5000,greater,ok,,1.2186203051064164,0.12243878060969515,False,0.05,2000,24,120000,2691473967,0.008882000023731962
5000,1064,anticipation_pirt,-1,greater,ok,,-0.0006398937443773127,0.16741629185407297,False,0.05,2000,99,5000,194762962,0.01931399997556582
5000,1064,carryover_crt,0,two-sided,ok,,-0.5787659863992631,0.4102948525737131,False,0.05,2000,50,250000,1161707382,0.010799900017445907
5000,1064,carryover_crt,1000,two-sided,ok,,-0.693131383594349,0.33233383308345826,False,0.05,2000,50,200000,2534620061,0.011418000009143725
5000,1064,carryover_crt,2500,two-sided,ok,,-0.7247075024981797,0.33833083458270863,False,0.05,2000,50,125000,2179681361,0.01053560001309961
5000,1064,carryover_crt,5000,two-sided,ok,,-1.289820451555431,0.22488755622188905,False,0.05,2000,25,125000,1574001514,0.009177400002954528
5000,1064,carryover_crt,10000,two-sided,ok,,-0.8999522301712538,0.49825087456271866,False,0.05,2000,16,80000,4019893451,0.008892800018656999
5000,1064,total_effect_crt,5000,greater,ok,,0.9678748873744837,0.16941529235382308,False,0.05,2000,22,110000,2197061229,0.009124000003794208
5000,1065,anticipation_pirt,-1,greater,ok,,0.0006046763278464884,0.8755622188905547,False,0.05,2000,99,10000,2117059909,0.01815269998041913
5000,1065,carryover_crt,0,two-sided,ok,,0.6242063856652976,0.3773113443278361,False,0.05,2000,50,250000,2420817384,0.011191400000825524
5000,1065,carryover_crt,1000,two-sided,ok,,0.5107810884318128,0.4682658670664668,False,0.05,2000,50,200000,2849374792,0.010358700004871935
5000,1065,carryover_crt,2500,two-sided,ok,,0.44878702943968773,0.552223888055972,False,0.05,2000,50,125000,447890933,0.012137599987909198
5000,1065,carryover_crt,5000,two-sided,ok,,0.36429311148482546,0.7256371814092953,False,0.05,2000,25,125000,3815885245,0.010006399999838322
5000,1065,carryover_crt,10000,two-sided,ok,,-1.2254532231590711,0.3538230884557721,False,0.05,2000,16,80000,3634377441,0.008560999995097518
5000,1065,total_effect_crt,5000,greater,ok,,2.3328646420109855,0.014992503748125937,True,0.05,2000,23,115000,941040485,0.010108600021339953
5000,1066,anticipation_pirt,-1,greater,ok,,0.0001883202560804313,0.703648175912044,False,0.05,2000,99,5000,2855042560,0.019615700002759695
5000,1066,carryover_crt,0,two-sided,ok,,-0.03063655952481916,0.9545227386306847,False,0.05,2000,50,250000,2551475148,0.010689499991713092
5000,1066,carryover_crt,1000,two-sided,ok,,-0.12506879714207725,0.8470764617691154,False,0.05,2000,50,200000,340756044,0.010333100013667718
5000,1066,carryover_crt,2500,two-sided,ok,,-0.1362980767131746,0.8460769615192404,False,0.05,2000,50,125000,1075554713,0.01154030000907369
5000,1066,carryover_crt,5000,two-sided,ok,,-0.5152955090865194,0.5817091454272864,False,0.05,2000,25,125000,52249284,0.009282499988330528
5000,1066,carryover_crt,10000,two-sided,ok,,0.45285123959854223,0.7116441779110445,False,0.05,2000,16,80000,3370004362,0.008809099992504343
5000,1066,total_effect_crt,5000,greater,ok,,0.14633032930797588,0.4367816091954023,False,0.05,2000,24,120000,2280987605,0.009221799991792068
5000,1067,anticipation_pirt,-1,greater,ok,,0.0007453191943702465,0.8125937031484258,False,0.05,2000,99,5000,227113983,0.016715799982193857
5000,1067,carryover_crt,0,two-sided,ok,,0.6609823046882003,0.35082458770614694,False,0.05,2000,50,250000,2736830596,0.0117995000036899
5000,1067,carryover_crt,1000,two-sided,ok,,0.5601088870776444,0.4007996001999001,False,0.05,2000,50,200000,2222611899,0.010095199977513403
5000,1067,carryover_crt,2500,two-sided,ok,,0.5124297487039566,0.4572713643178411,False,0.05,2000,50,125000,2686692755,0.010239800001727417
5000,1067,carryover_crt,5000,two-sided,ok,,0.002466560777902629,0.9980009995002499,False,0.05,2000,25,125000,1283495788,0.00950590000138618
5000,1067,carryover_crt,10000,two-sided,ok,,0.4476692404923496,0.7221389305347327,False,0.05,2000,16,80000,996093256,0.008746600011363626
5000,1067,total_effect_crt,5000,greater,ok,,1.6552688843327932,0.051974012993503245,False,0.05,2000,26,130000,2400877157,0.009140999987721443
5000,1068,anticipation_pirt,-1,greater,ok,,0.00020212219593717585,0.656671664167916,False,0.05,2000,99,10000,479773542,0.02008310001110658
5000,1068,carryover_crt,0,two-sided,ok,,0.7969536617689279,0.22038980509745126,False,0.05,2000,50,250000,2424442312,0.010760300006950274
5000,1068,carryover_crt,1000,two-sided,ok,,0.6859742843928375,0.29185407296351823,False,0.05,2000,50,200000,1250169073,0.011523200024385005
5000,1068,carryover_crt,2500,two-sided,ok,,0.6322177450069785,0.2978510744627686,False,0.05,2000,50,125000,1607427640,0.01118170001427643
5000,1068,carryover_crt,5000,two-sided,ok,,-1.8919017166820167,0.04897551224387806,True,0.05,2000,25,125000,2425432854,0.009985300013795495
5000,1068,carryover_crt,10000,two-sided,ok,,0.10079474835847513,0.9345327336331835,False,0.05,2000,16,80000,3402413362,0.009632200002670288
5000,1068,total_effect_crt,5000,greater,ok,,0.5624897876010835,0.28585707146426786,False,0.05,2000,20,100000,3149710225,0.009252000018022954
5000,1069,anticipation_pirt,-1,greater,ok,,-0.0004938457115338632,0.014492753623188406,True,0.05,2000,99,5000,2160191155,0.01900600001681596
5000,1069,carryover_crt,0,two-sided,ok,,-1.5939794036600292,0.021989005497251374,True,0.05,2000,50,250000,3413358620,0.014018199988640845
5000,1069,carryover_crt,1000,two-sided,ok,,-1.713396060937755,0.01899050474762619,True,0.05,2000,50,200000,4188803669,0.013988999999128282
5000,1069,carryover_crt,2500,two-sided,ok,,-1.7476702001208069,0.01249375312343828,True,0.05,2000,50,125000,1633728396,0.013091200002236292
5000,1069,carryover_crt,5000,two-sided,ok,,0.009341919280648146,0.993503248375812,False,0.05,2000,25,125000,651023791,0.011599099991144612
5000,1069,carryover_crt,10000,two-sided,ok,,-2.879109934040159,0.030984507746126936,True,0.05,2000,16,80000,1382188727,0.009513800003333017
5000,1069,total_effect_crt,5000,greater,ok,,-0.22620132859041914,0.5872063968015993,False,0.05,2000,24,120000,3882186215,0.010966500005451962
5000,1070,anticipation_pirt,-1,greater,ok,,0.0008520552714578162,0.9995002498750625,False,0.05,2000,99,10000,3952295620,0.020139100000960752
5000,1070,carryover_crt,0,two-sided,ok,,0.6010054264914693,0.39580209895052476,False,0.05,2000,50,250000,1297111117,0.011086200014688075
5000,1070,carryover_crt,1000,two-sided,ok,,0.4975648887756466,0.4987506246876562,False,0.05,2000,50,200000,2747922379,0.01128089998383075
5000,1070,carryover_crt,2500,two-sided,ok,,0.43926159025546907,0.5377311344327836,False,0.05,2000,50,125000,3735615106,0.011404899996705353
5000,1070,carryover_crt,5000,two-sided,ok,,2.116543312677264,0.026986506746626688,True,0.05,2000,25,125000,4225450926,0.010114300006534904
5000,1070,carryover_crt,10000,two-sided,ok,,0.019306999339163355,0.9885057471264368,False,0.05,2000,16,80000,2184346212,0.01061860000481829
5000,1070,total_effect_crt,5000,greater,ok,,1.9286639561157177,0.021989005497251374,True,0.05,2000,30,150000,1152547238,0.010318699991330504
5000,1071,anticipation_pirt,-1,greater,ok,,-0.0005124292035348874,0.39930034982508744,False,0.05,2000,99,5000,3219755543,0.019357600016519427
5000,1071,carryover_crt,0,two-sided,ok,,0.13361943689183892,0.8490754622688655,False,0.05,2000,50,250000,1057879146,0.0109519999823533
5000,1071,carryover_crt,1000,two-sided,ok,,0.038211699201725444,0.9590204897551224,False,0.05,2000,50,200000,3786633834,0.010438999976031482
5000,1071,carryover_crt,2500,two-sided,ok,,-0.01786575901845101,0.9770114942528736,False,0.05,2000,50,125000,2502208988,0.011035699979402125
5000,1071,carryover_crt,5000,two-sided,ok,,0.23151359494858986,0.8265867066466767,False,0.05,2000,25,125000,8966481,0.01032370000029914
5000,1071,carryover_crt,10000,two-sided,ok,,-0.9348919779407328,0.45327336331834084,False,0.05,2000,16,80000,2607052207,0.00994439999340102
5000,1071,total_effect_crt,5000,greater,ok,,1.0782441413042136,0.15442278860569716,False,0.05,2000,24,120000,974150783,0.011474099999759346
5000,1072,anticipation_pirt,-1,greater,ok,,1.0732269956662122e-05,0.5342328835582209,False,0.05,2000,99,10000,2202826194,0.015959500015014783
5000,1072,carryover_crt,0,two-sided,ok,,-0.6081580658329875,0.3778110944527736,False,0.05,2000,50,250000,31117396,0.010948099981760606
5000,1072,carryover_crt,1000,two-sided,ok,,-0.7193342834560014,0.3073463268365817,False,0.05,2000,50,200000,2537362067,0.011116300011053681
5000,1072,carryover_crt,2500,two-sided,ok,,-0.7489206228537857,0.25037481259370314,False,0.05,2000,50,125000,2942687295,0.011062200006563216
5000,1072,carryover_crt,5000,two-sided,ok,,0.30399183349713677,0.7656171914042978,False,0.05,2000,25,125000,1697661966,0.009762899979250506
5000,1072,carryover_crt,10000,two-sided,ok,,-0.08232849911395457,0.9440279860069966,False,0.05,2000,16,80000,3289524082,0.008816499990643933
5000,1072,total_effect_crt,5000,greater,ok,,0.749124142998606,0.2028985507246377,False,0.05,2000,25,125000,1754389776,0.009138099994743243
5000,1073,anticipation_pirt,-1,greater,ok,,-0.0004344118813664949,0.18490754622688654,False,0.05,2000,99,10000,3052687266,0.015550499985693023
5000,1073,carryover_crt,0,two-sided,ok,,0.9970002970728129,0.13993003498250875,False,0.05,2000,50,250000,1384441381,0.010740500001702458
5000,1073,carryover_crt,1000,two-sided,ok,,0.8890465797098913,0.19090454772613694,False,0.05,2000,50,200000,2495604914,0.011032300011720508
5000,1073,carryover_crt,2500,two-sided,ok,,0.8938342190989554,0.1889055472263868,False,0.05,2000,50,125000,1534464402,0.011293699993984774
5000,1073,carryover_crt,5000,two-sided,ok,,-1.0838063745104074,0.26936531734132935,False,0.05,2000,25,125000,3193973895,0.009527799993520603
5000,1073,carryover_crt,10000,two-sided,ok,,2.5728824416257905,0.05897051474262868,False,0.05,2000,16,80000,569247347,0.008968700014520437
5000,1073,total_effect_crt,5000,greater,ok,,1.870293000347232,0.053973013493253376,False,0.05,2000,23,115000,2654875354,0.009238499973434955
5000,1074,anticipation_pirt,-1,greater,ok,,-0.0005461980560546309,0.4307846076961519,False,0.05,2000,99,5000,2788924234,0.02098240001942031
5000,1074,carryover_crt,0,two-sided,ok,,0.34471783227737257,0.638680659670165,False,0.05,2000,50,250000,3791841429,0.010395899997092783
5000,1074,carryover_crt,1000,two-sided,ok,,0.23760649464475006,0.744127936031984,False,0.05,2000,50,200000,1065135193,0.011522799992235377
5000,1074,carryover_crt,2500,two-sided,ok,,0.1892103954824507,0.8000999500249875,False,0.05,2000,50,125000,4031344072,0.012069599993992597
5000,1074,carryover_crt,5000,two-sided,ok,,-0.8103420611557067,0.47176411794102946,False,0.05,2000,25,125000,1942047996,0.01042750000488013
5000,1074,carryover_crt,10000,two-sided,ok,,2.001451705027558,0.17841079460269865,False,0.05,2000,16,80000,622382629,0.009266299981391057
5000,1074,total_effect_crt,5000,greater,ok,,1.9116966837743128,0.041979010494752625,True,0.05,2000,22,110000,3358427919,0.00924509999458678
5000,1075,anticipation_pirt,-1,greater,ok,,-0.00039166468497755434,0.21239380309845077,False,0.05,2000,99,10000,1675466449,0.01589740000781603
5000,1075,carryover_crt,0,two-sided,ok,,0.5215050276252627,0.4542728635682159,False,0.05,2000,50,250000,2065737601,0.01083339998149313
5000,1075,carryover_crt,1000,two-sided,ok,,0.39607139024926347,0.5857071464267866,False,0.05,2000,50,200000,2414380294,0.011110999999800697
5000,1075,carryover_crt,2500,two-sided,ok,,0.33740127172651896,0.6301849075462269,False,0.05,2000,50,125000,2512760516,0.011436100001446903
5000,1075,carryover_crt,5000,two-sided,ok,,0.08226415726763012,0.9420289855072463,False,0.05,2000,25,125000,164995552,0.009847400011494756
5000,1075,carryover_crt,10000,two-sided,ok,,-0.8579712295602077,0.5432283858070964,False,0.05,2000,16,80000,552802930,0.009521700005279854
5000,1075,total_effect_crt,5000,greater,ok,,1.7652451012719423,0.031484257871064465,True,0.05,2000,28,140000,1610424564,0.009346200007712469
5000,1076,anticipation_pirt,-1,greater,ok,,-0.00048593889368372256,0.39480259870064965,False,0.05,2000,99,10000,539935476,0.01660299999639392
5000,1076,carryover_crt,0,two-sided,ok,,0.6249043857022674,0.36431784107946025,False,0.05,2000,50,250000,2943728474,0.012250900006620213
5000,1076,carryover_crt,1000,two-sided,ok,,0.5580096875097046,0.4257871064467766,False,0.05,2000,50,200000,2723911196,0.010800500022014603
5000,1076,carryover_crt,2500,two-sided,ok,,0.5649750279621482,0.4267866066966517,False,0.05,2000,50,125000,188300923,0.012299900001380593
5000,1076,carryover_crt,5000,two-sided,ok,,0.07177295821186888,0.9425287356321839,False,0.05,2000,25,125000,3288976468,0.010693599993828684
5000,1076,carryover_crt,10000,two-sided,ok,,-0.44649148961468604,0.750624687656172,False,0.05,2000,16,80000,3496539032,0.008888399985153228
5000,1076,total_effect_crt,5000,greater,ok,,1.7490599592714673,0.038980509745127435,True,0.05,2000,27,135000,4153319442,0.009641400014515966
5000,1077,anticipation_pirt,-1,greater,ok,,-0.000552985136475169,0.22788605697151423,False,0.05,2000,99,5000,2077516560,0.016459900012705475
5000,1077,carryover_crt,0,two-sided,ok,,0.6668558248767553,0.3613193403298351,False,0.05,2000,50,250000,443051668,0.01086599999689497
5000,1077,carryover_crt,1000,two-sided,ok,,0.587289986721147,0.4397801099450275,False,0.05,2000,50,200000,2236141104,0.012193300004582852
5000,1077,carryover_crt,2500,two-sided,ok,,0.5851764664184748,0.4427786106946527,False,0.05,2000,50,125000,3485725075,0.010103900014655665
5000,1077,carryover_crt,5000,two-sided,ok,,1.063847494523883,0.3023488255872064,False,0.05,2000,25,125000,479595473,0.009485799993854016
5000,1077,carryover_crt,10000,two-sided,ok,,0.8298554799630308,0.5557221389305347,False,0.05,2000,16,80000,2569441413,0.008856600004946813
5000,1077,total_effect_crt,5000,greater,ok,,2.6187999393624564,0.005997001499250375,True,0.05,2000,27,135000,2848556147,0.009481999994022772
5000,1078,anticipation_pirt,-1,greater,ok,,-0.0006589598707305857,0.2978510744627686,False,0.05,2000,99,5000,1804564643,0.017151400010334328
5000,1078,carryover_crt,0,two-sided,ok,,-0.9324449384182395,0.19090454772613694,False,0.05,2000,50,250000,3179942707,0.01348399999551475
5000,1078,carryover_crt,1000,two-sided,ok,,-1.0321495762100443,0.15092453773113443,False,0.05,2000,50,200000,2460461944,0.011680600000545382
5000,1078,carryover_crt,2500,two-sided,ok,,-1.0469542160716654,0.13493253373313344,False,0.05,2000,50,125000,2160767614,0.011040100012905896
5000,1078,carryover_crt,5000,two-sided,ok,,0.4496023901571333,0.6676661669165417,False,0.05,2000,25,125000,1524788793,0.009736600011819974
5000,1078,carryover_crt,10000,two-sided,ok,,-2.9555316821693447,0.0079960019990005,True,0.05,2000,16,80000,3124511036,0.00868810000247322
5000,1078,total_effect_crt,5000,greater,ok,,0.7173794381703166,0.22988505747126436,False,0.05,2000,22,110000,3193283580,0.009383299999171868
5000,1079,anticipation_pirt,-1,greater,ok,,0.0008033419476806158,0.8205897051474262,False,0.05,2000,99,5000,1898997056,0.01718359999358654
5000,1079,carryover_crt,0,two-sided,ok,,-0.9358787790826856,0.1794102948525737,False,0.05,2000,50,250000,4168481449,0.011037500022212043
5000,1079,carryover_crt,1000,two-sided,ok,,-1.0193372768851183,0.13943028485757122,False,0.05,2000,50,200000,4208302905,0.011931099987123162
5000,1079,carryover_crt,2500,two-sided,ok,,-1.0437199758652447,0.1504247876061969,False,0.05,2000,50,125000,690023579,0.01633489999221638
5000,1079,carryover_crt,5000,two-sided,ok,,0.5753849476997854,0.5712143928035982,False,0.05,2000,25,125000,116389080,0.011592800001380965
5000,1079,carryover_crt,10000,two-sided,ok,,-1.6601689624708147,0.19140429785107446,False,0.05,2000,16,80000,889398973,0.010860000009415671
5000,1079,total_effect_crt,5000,greater,ok,,0.8178907499864984,0.1984007996001999,False,0.05,2000,26,130000,305519064,0.009466199990129098
5000,1080,anticipation_pirt,-1,greater,ok,,-0.0005134016202111276,0.39080459770114945,False,0.05,2000,99,5000,2011013952,0.020910999999614432
5000,1080,carryover_crt,0,two-sided,ok,,-0.6073335059463532,0.3873063468265867,False,0.05,2000,50,250000,567168929,0.010705199994845316
5000,1080,carryover_crt,1000,two-sided,ok,,-0.7109787834794261,0.31634182908545727,False,0.05,2000,50,200000,3389541789,0.010567999997874722
5000,1080,carryover_crt,2500,two-sided,ok,,-0.7106100629307628,0.3023488255872064,False,0.05,2000,50,125000,606307128,0.010557500005234033
5000,1080,carryover_crt,5000,two-sided,ok,,-1.5810668435667454,0.13143428285857073,False,0.05,2000,25,125000,1969448412,0.008905099995899945
5000,1080,carryover_crt,10000,two-sided,ok,,-0.5627649865427986,0.6796601699150425,False,0.05,2000,16,80000,2435162710,0.008266899996669963
5000,1080,total_effect_crt,5000,greater,ok,,0.28211790561245187,0.3953023488255872,False,0.05,2000,23,115000,2092583066,0.009268599998904392
5000,1081,anticipation_pirt,-1,greater,ok,,0.0004182065355895759,0.6656671664167916,False,0.05,2000,99,5000,215332614,0.01662959999521263
5000,1081,carryover_crt,0,two-sided,ok,,0.5212340682696401,0.4702648675662169,False,0.05,2000,50,250000,2558881758,0.010586499993223697
5000,1081,carryover_crt,1000,two-sided,ok,,0.44194088986203073,0.5442278860569715,False,0.05,2000,50,200000,1396913046,0.010321799985831603
5000,1081,carryover_crt,2500,two-sided,ok,,0.38505743096986406,0.5997001499250375,False,0.05,2000,50,125000,2650806548,0.010986300010699779
5000,1081,carryover_crt,5000,two-sided,ok,,-0.2624561547503769,0.8025987006496752,False,0.05,2000,25,125000,3864465957,0.008899800013750792
5000,1081,carryover_crt,10000,two-sided,ok,,0.18623499508723618,0.8660669665167416,False,0.05,2000,16,80000,2492653,0.00901270000031218
5000,1081,total_effect_crt,5000,greater,ok,,1.6097079632947842,0.02848575712143928,True,0.05,2000,36,180000,3604118839,0.010072100005345419
5000,1082,anticipation_pirt,-1,greater,ok,,-0.0005717521355661821,0.3268365817091454,False,0.05,2000,99,10000,2136276603,0.020506100001512095
5000,1082,carryover_crt,0,two-sided,ok,,-0.6739415843637586,0.33183408295852074,False,0.05,2000,50,250000,3866276685,0.011580699996557087
5000,1082,carryover_crt,1000,two-sided,ok,,-0.783539281976372,0.25737131434282856,False,0.05,2000,50,200000,1176835343,0.010473099973751232
5000,1082,carryover_crt,2500,two-sided,ok,,-0.8448633403382599,0.2158920539730135,False,0.05,2000,50,125000,1922302237,0.0133077000209596
5000,1082,carryover_crt,5000,two-sided,ok,,-1.8080444395640791,0.07246376811594203,False,0.05,2000,25,125000,2230344793,0.010588300006929785
5000,1082,carryover_crt,10000,two-sided,ok,,-2.0122347041704227,0.07246376811594203,False,0.05,2000,16,80000,1076243528,0.00914589999592863
5000,1082,total_effect_crt,5000,greater,ok,,-0.25280575417736173,0.6096951524237881,False,0.05,2000,25,125000,3088430651,0.00944220001110807
5000,1083,anticipation_pirt,-1,greater,ok,,0.0003702048864902514,0.5057471264367817,False,0.05,2000,99,10000,483795447,0.016100099979666993
5000,1083,carryover_crt,0,two-sided,ok,,0.08499087801429635,0.9070464767616192,False,0.05,2000,50,250000,2243319145,0.011052399990148842
5000,1083,carryover_crt,1000,two-sided,ok,,-0.055798498634472615,0.9305347326336831,False,0.05,2000,50,200000,3483720012,0.010648800001945347
5000,1083,carryover_crt,2500,two-sided,ok,,-0.09540191766911743,0.9035482258870565,False,0.05,2000,50,125000,3252122880,0.010709700000006706
5000,1083,carryover_crt,5000,two-sided,ok,,1.0332898969020843,0.3288355822088955,False,0.05,2000,25,125000,2312399891,0.00908819999312982
5000,1083,carryover_crt,10000,two-sided,ok,,0.5362499879308047,0.6871564217891054,False,0.05,2000,16,80000,2968428615,0.008768500003498048
5000,1083,total_effect_crt,5000,greater,ok,,2.3827637544916853,0.022488755622188907,True,0.05,2000,21,105000,4092096577,0.008796600013738498
5000,1084,anticipation_pirt,-1,greater,ok,,-0.0005841026387291917,0.13793103448275862,False,0.05,2000,99,10000,3349474290,0.02021949997288175
5000,1084,carryover_crt,0,two-sided,ok,,0.7011386239772588,0.2893553223388306,False,0.05,2000,50,250000,2262029665,0.01210180000634864
5000,1084,carryover_crt,1000,two-sided,ok,,0.6219427858472245,0.3488255872063968,False,0.05,2000,50,200000,2375099856,0.011903700011316687
5000,1084,carryover_crt,2500,two-sided,ok,,0.6162854261658189,0.36531734132933535,False,0.05,2000,50,125000,2149027176,0.012647700001252815
5000,1084,carryover_crt,5000,two-sided,ok,,-0.25455727440181375,0.7711144427786107,False,0.05,2000,25,125000,546508306,0.010603400005493313
5000,1084,carryover_crt,10000,two-sided,ok,,1.431560466884682,0.22938530734632684,False,0.05,2000,16,80000,3469988083,0.008849400008330122
5000,1084,total_effect_crt,5000,greater,ok,,1.0155143471793169,0.15942028985507245,False,0.05,2000,27,135000,1952498140,0.009455899999011308
5000,1085,anticipation_pirt,-1,greater,ok,,-0.0004695621587063994,0.4607696151924038,False,0.05,2000,99,10000,3515089051,0.01975590002257377
5000,1085,carryover_crt,0,two-sided,ok,,0.6865399045008868,0.33983008495752126,False,0.05,2000,50,250000,2405424855,0.012056000006850809
5000,1085,carryover_crt,1000,two-sided,ok,,0.5480181876496037,0.44377811094452774,False,0.05,2000,50,200000,1868449969,0.011185000010300428
5000,1085,carryover_crt,2500,two-sided,ok,,0.4809201483573615,0.5072463768115942,False,0.05,2000,50,125000,1177277177,0.01169569999910891
5000,1085,carryover_crt,5000,two-sided,ok,,-0.8683841403486728,0.42128935532233885,False,0.05,2000,25,125000,322360567,0.009470999997574836
5000,1085,carryover_crt,10000,two-sided,ok,,-1.0463172247862909,0.4362818590704648,False,0.05,2000,16,80000,770765698,0.01007639997988008
5000,1085,total_effect_crt,5000,greater,ok,,2.489137063457757,0.0074962518740629685,True,0.05,2000,25,125000,2277227131,0.009537800011457875
5000,1086,anticipation_pirt,-1,greater,ok,,0.0008228569015524254,0.9900049975012494,False,0.05,2000,99,10000,176931227,0.022335999994538724
5000,1086,carryover_crt,0,two-sided,ok,,0.44487854950885464,0.5112443778110944,False,0.05,2000,50,250000,2725810578,0.012761299993144348
5000,1086,carryover_crt,1000,two-sided,ok,,0.33876289195958514,0.6191904047976012,False,0.05,2000,50,200000,2533799517,0.011522799992235377
5000,1086,carryover_crt,2500,two-sided,ok,,0.30529039291402704,0.6541729135432284,False,0.05,2000,50,125000,1713175110,0.010349299991503358
5000,1086,carryover_crt,5000,two-sided,ok,,-0.7087191835780143,0.4622688655672164,False,0.05,2000,25,125000,2598739180,0.008966900000814348
5000,1086,carryover_crt,10000,two-sided,ok,,-2.4522604439106304,0.050474762618690654,False,0.05,2000,16,80000,796652459,0.00924079999094829
5000,1086,total_effect_crt,5000,greater,ok,,1.170309892749101,0.12993503248375812,False,0.05,2000,25,125000,3437852293,0.009073900000657886
5000,1087,anticipation_pirt,-1,greater,ok,,-0.00037975565253122687,0.15792103948025987,False,0.05,2000,99,10000,3985510317,0.018494099989766255
5000,1087,carryover_crt,0,two-sided,ok,,0.2036885554057659,0.7851074462768616,False,0.05,2000,50,250000,477580499,0.012282100011361763
5000,1087,carryover_crt,1000,two-sided,ok,,0.058879698800444726,0.9335332333833083,False,0.05,2000,50,200000,3101381726,0.01048990001436323
5000,1087,carryover_crt,2500,two-sided,ok,,0.01082911976057284,0.9860069965017492,False,0.05,2000,50,125000,1298834439,0.010604399984003976
5000,1087,carryover_crt,5000,two-sided,ok,,-0.32363103241109853,0.7436281859070465,False,0.05,2000,25,125000,1813751874,0.009413199994014576
5000,1087,carryover_crt,10000,two-sided,ok,,-0.30997849357845275,0.8210894552723638,False,0.05,2000,16,80000,2391355575,0.008539600006770343
5000,1087,total_effect_crt,5000,greater,ok,,2.0222243169421836,0.04147926036981509,True,0.05,2000,22,110000,941759541,0.010145900014322251
5000,1088,anticipation_pirt,-1,greater,ok,,-0.0002490672309393003,0.4027986006996502,False,0.05,2000,99,5000,3520006298,0.020098299981327727
5000,1088,carryover_crt,0,two-sided,ok,,-0.8435019011909813,0.1969015492253873,False,0.05,2000,50,250000,2713711132,0.011822500004200265
5000,1088,carryover_crt,1000,two-sided,ok,,-0.9382411790831386,0.17041479260369816,False,0.05,2000,50,200000,633812210,0.010457700002007186
5000,1088,carryover_crt,2500,two-sided,ok,,-0.9585978991821109,0.14442778610694654,False,0.05,2000,50,125000,3144331688,0.010637100000167266
5000,1088,carryover_crt,5000,two-sided,ok,,-1.0030783775524497,0.312343828085957,False,0.05,2000,25,125000,1962772392,0.009071700013009831
5000,1088,carryover_crt,10000,two-sided,ok,,0.7708942328040951,0.5097451274362819,False,0.05,2000,16,80000,3624421610,0.008964400010881945
5000,1088,total_effect_crt,5000,greater,ok,,-0.3703345253935953,0.6656671664167916,False,0.05,2000,30,150000,3155256085,0.00977720000082627
5000,1089,anticipation_pirt,-1,greater,ok,,0.0005914998808903141,0.8900549725137431,False,0.05,2000,99,5000,1347316602,0.015527800016570836
5000,1089,carryover_crt,0,two-sided,ok,,0.5305026274642648,0.46276861569215394,False,0.05,2000,50,250000,1009034085,0.010374499979661778
5000,1089,carryover_crt,1000,two-sided,ok,,0.4448475898284279,0.5382308845577212,False,0.05,2000,50,200000,1297840564,0.011018399993190542
5000,1089,carryover_crt,2500,two-sided,ok,,0.42004095051375034,0.5702148925537232,False,0.05,2000,50,125000,215861660,0.011022399994544685
5000,1089,carryover_crt,5000,two-sided,ok,,0.7731283016026913,0.4522738630684658,False,0.05,2000,25,125000,977237,0.01019800000358373
5000,1089,carryover_crt,10000,two-sided,ok,,0.30050199393038624,0.8365817091454273,False,0.05,2000,16,80000,1624028129,0.010403300024336204
5000,1089,total_effect_crt,5000,greater,ok,,2.7207746038181395,0.0079960019990005,True,0.05,2000,24,120000,343977587,0.009262200008379295
5000,1090,anticipation_pirt,-1,greater,ok,,-0.0002922113480173537,0.36031984007996004,False,0.05,2000,99,10000,1644458653,0.017101200006436557
5000,1090,carryover_crt,0,two-sided,ok,,0.5601001469788404,0.4102948525737131,False,0.05,2000,50,250000,4092249587,0.012655099999392405
5000,1090,carryover_crt,1000,two-sided,ok,,0.4486100897923857,0.49775112443778113,False,0.05,2000,50,200000,3874271212,0.011155500018503517
5000,1090,carryover_crt,2500,two-sided,ok,,0.4345022303926945,0.5137431284357821,False,0.05,2000,50,125000,1663807387,0.010435500007588416
5000,1090,carryover_crt,5000,two-sided,ok,,-1.9905769140197038,0.06296851574212893,False,0.05,2000,25,125000,2211283956,0.009973500011255965
5000,1090,carryover_crt,10000,two-sided,ok,,1.5144234656721354,0.2683658170914543,False,0.05,2000,16,80000,4273739024,0.009954800014384091
5000,1090,total_effect_crt,5000,greater,ok,,2.132769700778462,0.04297851074462768,True,0.05,2000,16,80000,4002888723,0.00961850001476705
5000,1091,anticipation_pirt,-1,greater,ok,,-0.00026147243196965417,0.41529235382308843,False,0.05,2000,99,5000,2241352974,0.015721599978860468
5000,1091,carryover_crt,0,two-sided,ok,,-0.3065766332615465,0.6561719140429785,False,0.05,2000,50,250000,2746947314,0.013210700009949505
5000,1091,carryover_crt,1000,two-sided,ok,,-0.38764039140723644,0.5797101449275363,False,0.05,2000,50,200000,1090703102,0.011358299991115928
5000,1091,carryover_crt,2500,two-sided,ok,,-0.3687107121439578,0.6061969015492253,False,0.05,2000,50,125000,971242943,0.010187599982600659
5000,1091,carryover_crt,5000,two-sided,ok,,0.07506255779400477,0.9400299850074962,False,0.05,2000,25,125000,3134258758,0.010648800001945347
5000,1091,carryover_crt,10000,two-sided,ok,,-1.5907914631462656,0.1904047976011994,False,0.05,2000,16,80000,2293879453,0.009788600000320002
5000,1091,total_effect_crt,5000,greater,ok,,0.1632912814792778,0.4432783608195902,False,0.05,2000,28,140000,167020554,0.00903039998956956
5000,1092,anticipation_pirt,-1,greater,ok,,-0.0006867322196934956,0.08995502248875563,False,0.05,2000,99,5000,2383006737,0.015043200022773817
5000,1092,carryover_crt,0,two-sided,ok,,0.24210519458431,0.7176411794102948,False,0.05,2000,50,250000,1985601793,0.01114919999963604
5000,1092,carryover_crt,1000,two-sided,ok,,0.15908719633094967,0.8360819590204898,False,0.05,2000,50,200000,3234397744,0.010471299989148974
5000,1092,carryover_crt,2500,two-sided,ok,,0.1667580757692754,0.8205897051474262,False,0.05,2000,50,125000,210288108,0.011115900008007884
5000,1092,carryover_crt,5000,two-sided,ok,,0.3666961514159439,0.6906546726636682,False,0.05,2000,25,125000,1043905327,0.00903329998254776
5000,1092,carryover_crt,10000,two-sided,ok,,0.17785599624617013,0.8725637181409296,False,0.05,2000,16,80000,357764673,0.009910699998727068
5000,1092,total_effect_crt,5000,greater,ok,,1.079215015044868,0.12393803098450774,False,0.05,2000,25,125000,1099856874,0.009235499979695305
5000,1093,anticipation_pirt,-1,greater,ok,,-0.0007525001901920704,0.04547726136931534,True,0.05,2000,99,5000,3396649172,0.015531100012594834
5000,1093,carryover_crt,0,two-sided,ok,,-0.2724741534143388,0.6976511744127936,False,0.05,2000,50,250000,2252629402,0.011633699992671609
5000,1093,carryover_crt,1000,two-sided,ok,,-0.41308919021310264,0.5782108945527237,False,0.05,2000,50,200000,1117978402,0.011635300004854798
5000,1093,carryover_crt,2500,two-sided,ok,,-0.46492558847856524,0.543728135932034,False,0.05,2000,50,125000,943875962,0.010181899997405708
5000,1093,carryover_crt,5000,two-sided,ok,,1.1341766148034036,0.27636181909045476,False,0.05,2000,25,125000,3645983031,0.009943999990355223
5000,1093,carryover_crt,10000,two-sided,ok,,0.013577248310158163,0.9910044977511244,False,0.05,2000,16,80000,857707029,0.008914099977118894
5000,1093,total_effect_crt,5000,greater,ok,,2.446999579765241,0.017991004497751123,True,0.05,2000,22,110000,955117500,0.009063999983482063
5000,1094,anticipation_pirt,-1,greater,ok,,0.0008641016017956822,0.9785107446276862,False,0.05,2000,99,5000,15465262,0.016443800006527454
5000,1094,carryover_crt,0,two-sided,ok,,0.3754375915931164,0.600199900049975,False,0.05,2000,50,250000,37614565,0.011874599993461743
5000,1094,carryover_crt,1000,two-sided,ok,,0.2571237940908036,0.7306346826586707,False,0.05,2000,50,200000,938825738,0.010918900021351874
5000,1094,carryover_crt,2500,two-sided,ok,,0.21796783559143543,0.760119940029985,False,0.05,2000,50,125000,3706710016,0.010212099994532764
5000,1094,carryover_crt,5000,two-sided,ok,,0.7738166231813729,0.4362818590704648,False,0.05,2000,25,125000,794032471,0.00976960000116378
5000,1094,carryover_crt,10000,two-sided,ok,,0.2015412452617661,0.8495752123938031,False,0.05,2000,16,80000,3006245440,0.008441200014203787
5000,1094,total_effect_crt,5000,greater,ok,,2.223030615516069,0.012993503248375811,True,0.05,2000,24,120000,411700039,0.00920530001167208
5000,1095,anticipation_pirt,-1,greater,ok,,-0.0005684724023534173,0.3728135932033983,False,0.05,2000,99,10000,620179126,0.01649010000983253
5000,1095,carryover_crt,0,two-sided,ok,,0.7401691827312262,0.3268365817091454,False,0.05,2000,50,250000,1237353213,0.010812599997734651
5000,1095,carryover_crt,1000,two-sided,ok,,0.6228651851701738,0.384807596201899,False,0.05,2000,50,200000,402182788,0.010942099994281307
5000,1095,carryover_crt,2500,two-sided,ok,,0.586772465360403,0.4292853573213393,False,0.05,2000,50,125000,3161264367,0.011855400021886453
5000,1095,carryover_crt,5000,two-sided,ok,,-1.253961570965916,0.22438780609695153,False,0.05,2000,25,125000,1222865900,0.010287300014169887
5000,1095,carryover_crt,10000,two-sided,ok,,1.4115429673686155,0.3153423288355822,False,0.05,2000,16,80000,847257430,0.008814499975414947
5000,1095,total_effect_crt,5000,greater,ok,,2.1955690694596766,0.017991004497751123,True,0.05,2000,25,125000,3966371860,0.009164999995846301
5000,1096,anticipation_pirt,-1,greater,ok,,0.000819317298018152,0.8510744627686156,False,0.05,2000,99,10000,1548442733,0.016851299995323643
5000,1096,carryover_crt,0,two-sided,ok,,0.1828309561633765,0.791104447776112,False,0.05,2000,50,250000,1609500621,0.01175800000783056
5000,1096,carryover_crt,1000,two-sided,ok,,0.12076479748519141,0.8555722138930535,False,0.05,2000,50,200000,635052078,0.011556999990716577
5000,1096,carryover_crt,2500,two-sided,ok,,0.11901631749314065,0.8620689655172413,False,0.05,2000,50,125000,1996741636,0.011530899995705113
5000,1096,carryover_crt,5000,two-sided,ok,,-0.7636017428516747,0.41879060469765117,False,0.05,2000,25,125000,2373335025,0.009645599988289177
5000,1096,carryover_crt,10000,two-sided,ok,,-1.8579957071954383,0.11544227886056972,False,0.05,2000,16,80000,1756454616,0.008801999996649101
5000,1096,total_effect_crt,5000,greater,ok,,0.39510702597591385,0.3233383308345827,False,0.05,2000,29,145000,1078040974,0.00926900000195019
5000,1097,anticipation_pirt,-1,greater,ok,,-0.0006262214472166586,0.19090454772613694,False,0.05,2000,99,5000,1845363912,0.016370900004403666
5000,1097,carryover_crt,0,two-sided,ok,,0.5277963072859199,0.49325337331334335,False,0.05,2000,50,250000,3524644811,0.011284100008197129
5000,1097,carryover_crt,1000,two-sided,ok,,0.4378015891810692,0.5922038980509745,False,0.05,2000,50,200000,1453349157,0.010383699991507456
5000,1097,carryover_crt,2500,two-sided,ok,,0.4254831896534265,0.6111944027986007,False,0.05,2000,50,125000,2149359968,0.010836000001290813
5000,1097,carryover_crt,5000,two-sided,ok,,0.6115403046031892,0.6141929035482259,False,0.05,2000,25,125000,3507970710,0.0094853000191506
5000,1097,carryover_crt,10000,two-sided,ok,,0.5446189879050478,0.7091454272863568,False,0.05,2000,16,80000,2587622876,0.008544699987396598
5000,1097,total_effect_crt,5000,greater,ok,,2.8038862575382955,0.0009995002498750624,True,0.05,2000,31,155000,856582597,0.009647600003518164
5000,1098,anticipation_pirt,-1,greater,ok,,-0.0002455131709350809,0.3953023488255872,False,0.05,2000,99,5000,3137404467,0.01510810002218932
5000,1098,carryover_crt,0,two-sided,ok,,0.642359986133218,0.391304347826087,False,0.05,2000,50,250000,3055980443,0.010639599990099669
5000,1098,carryover_crt,1000,two-sided,ok,,0.5810277878509834,0.4482758620689655,False,0.05,2000,50,200000,2109347023,0.011372499982826412
5000,1098,carryover_crt,2500,two-sided,ok,,0.5483910286490618,0.4732633683158421,False,0.05,2000,50,125000,527811218,0.010423700005048886
5000,1098,carryover_crt,5000,two-sided,ok,,0.7245065437014996,0.4947526236881559,False,0.05,2000,25,125000,1168757396,0.010194400005275384
5000,1098,carryover_crt,10000,two-sided,ok,,1.5925117133359423,0.2733633183408296,False,0.05,2000,16,80000,3199346518,0.008929300005547702
5000,1098,total_effect_crt,5000,greater,ok,,2.4101683206364513,0.004497751124437781,True,0.05,2000,32,160000,3472340920,0.009641599986935034
5000,1099,anticipation_pirt,-1,greater,ok,,-0.0005931619974881295,0.12343828085957022,False,0.05,2000,99,10000,2040858324,0.01638650000677444
5000,1099,carryover_crt,0,two-sided,ok,,0.833364780215025,0.2193903048475762,False,0.05,2000,50,250000,3443852902,0.011354400019627064
5000,1099,carryover_crt,1000,two-sided,ok,,0.7459009823298456,0.27786106946526734,False,0.05,2000,50,200000,2759401418,0.01163049999740906
5000,1099,carryover_crt,2500,two-sided,ok,,0.7121443033686579,0.30184907546226886,False,0.05,2000,50,125000,1473847994,0.01108080000267364
5000,1099,carryover_crt,5000,two-sided,ok,,-0.5251363086417019,0.5797101449275363,False,0.05,2000,25,125000,2840250785,0.010478600015630946
5000,1099,carryover_crt,10000,two-sided,ok,,0.485248239608854,0.7346326836581709,False,0.05,2000,16,80000,922384599,0.012385200010612607
5000,1099,total_effect_crt,5000,greater,ok,,1.5573581300426274,0.06146926536731634,False,0.05,2000,24,120000,1128247970,0.009059400006663054
10000,1000,anticipation_pirt,-1,greater,ok,,0.00021203888338231042,0.7816091954022989,False,0.05,2000,49,10000,2121720188,0.021687100001145154
10000,1000,carryover_crt,0,two-sided,ok,,-0.4605361494405716,0.6536731634182908,False,0.05,2000,25,250000,4025513515,0.010718800011090934
10000,1000,carryover_crt,1000,two-sided,ok,,-0.5138407880619666,0.6041979010494752,False,0.05,2000,25,225000,1888302359,0.010586700023850426
10000,1000,carryover_crt,2500,two-sided,ok,,-0.5260290013141831,0.6241879060469765,False,0.05,2000,25,187500,4012307348,0.010259700007736683
10000,1000,carryover_crt,5000,two-sided,ok,,-0.5367771078875662,0.5792103948025987,False,0.05,2000,25,125000,646322183,0.01202769999508746
10000,1000,carryover_crt,10000,two-sided,ok,,1.4664182997845732,0.29535232383808097,False,0.05,2000,12,120000,798081575,0.011504399997647852
10000,1000,total_effect_crt,5000,greater,ok,,0.952744538029328,0.08845577211394302,False,0.05,2000,50,250000,2190962777,0.02011419998598285
10000,1001,anticipation_pirt,-1,greater,ok,,-0.00014207216033045887,0.25837081459270367,False,0.05,2000,49,10000,1345072157,0.015378600015537813
10000,1001,carryover_crt,0,two-sided,ok,,1.0162570966257898,0.27386306846576713,False,0.05,2000,25,250000,3598542308,0.010859799978788942
10000,1001,carryover_crt,1000,two-sided,ok,,0.9625436223080756,0.3003498250874563,False,0.05,2000,25,225000,2323469417,0.009890000015730038
10000,1001,carryover_crt,2500,two-sided,ok,,0.9564939516039491,0.28785607196401797,False,0.05,2000,25,187500,2526262961,0.009834500000579283
10000,1001,carryover_crt,5000,two-sided,ok,,0.9938690971572697,0.29035482258870565,False,0.05,2000,25,125000,3970313768,0.00938460000907071
10000,1001,carryover_crt,10000,two-sided,ok,,1.860458457610756,0.1504247876061969,False,0.05,2000,12,120000,3373527393,0.008650199975818396
10000,1001,total_effect_crt,5000,greater,ok,,1.9646860346483142,0.0029985007496251873,True,0.05,2000,50,250000,415114885,0.011468900018371642
10000,1002,anticipation_pirt,-1,greater,ok,,-0.00021149677091061408,0.2288855572213893,False,0.05,2000,49,20000,93618719,0.01688460001605563
10000,1002,carryover_crt,0,two-sided,ok,,-0.39175775168937443,0.6786606696651675,False,0.05,2000,25,250000,3649811382,0.009414399974048138
10000,1002,carryover_crt,1000,two-sided,ok,,-0.44997652372335395,0.623688155922039,False,0.05,2000,25,225000,3371449059,0.009686900011729449
10000,1002,carryover_crt,2500,two-sided,ok,,-0.44498697707380863,0.638680659670165,False,0.05,2000,25,187500,4168096001,0.009415999986231327
10000,1002,carryover_crt,5000,two-sided,ok,,-0.42696159099879866,0.6481759120439781,False,0.05,2000,25,125000,4114141194,0.00981869999668561
10000,1002,carryover_crt,10000,two-sided,ok,,-2.431123110635237,0.09895052473763119,False,0.05,2000,12,120000,1299338594,0.009812900010729209
10000,1002,total_effect_crt,5000,greater,ok,,0.7308712630157321,0.14042978510744628,False,0.05,2000,50,250000,2271392527,0.01347090001218021
10000,1003,anticipation_pirt,-1,greater,ok,,0.00011647449250244831,0.5802098950524738,False,0.05,2000,49,10000,3797352546,0.01602049998473376
10000,1003,carryover_crt,0,two-sided,ok,,-0.9121486199824959,0.34332833583208394,False,0.05,2000,25,250000,1964118489,0.01099499998963438
10000,1003,carryover_crt,1000,two-sided,ok,,-0.9675798008111118,0.3193403298350825,False,0.05,2000,25,225000,979970859,0.010304399998858571
10000,1003,carryover_crt,2500,two-sided,ok,,-0.9753995518191257,0.3373313343328336,False,0.05,2000,25,187500,859530861,0.009497700026258826
10000,1003,carryover_crt,5000,two-sided,ok,,-1.0121362976292965,0.2893553223388306,False,0.05,2000,25,125000,3266624071,0.009475400001974776
10000,1003,carryover_crt,10000,two-sided,ok,,-0.7151278163722715,0.6231884057971014,False,0.05,2000,12,120000,100654049,0.00850299999001436
10000,1003,total_effect_crt,5000,greater,ok,,0.8599592595212608,0.1054472763618191,False,0.05,2000,50,250000,33671034,0.01233130000764504
10000,1004,anticipation_pirt,-1,greater,ok,,0.00024644609253402216,0.888055972013993,False,0.05,2000,49,15000,2661093909,0.016049199999542907
10000,1004,carryover_crt,0,two-sided,ok,,1.9715557947861704,0.025987006496751622,True,0.05,2000,25,250000,58366102,0.011351399996783584
10000,1004,carryover_crt,1000,two-sided,ok,,1.951230444089307,0.04447776111944028,True,0.05,2000,25,225000,1035488718,0.00985130001208745
10000,1004,carryover_crt,2500,two-sided,ok,,1.9313859822988508,0.04397801099450275,True,0.05,2000,25,187500,3917405019,0.010349199990741909
10000,1004,carryover_crt,5000,two-sided,ok,,1.8839977166711988,0.054972513743128434,False,0.05,2000,25,125000,701229946,0.009373599983518943
10000,1004,carryover_crt,10000,two-sided,ok,,-2.675817438415903,0.09495252373813093,False,0.05,2000,12,120000,656643932,0.009412399987922981
10000,1004,total_effect_crt,5000,greater,ok,,1.913830835470885,0.0029985007496251873,True,0.05,2000,50,250000,1494129929,0.012996100005693734
10000,1005,anticipation_pirt,-1,greater,ok,,-0.0001011988476197693,0.36281859070464767,False,0.05,2000,49,10000,2396975927,0.015103099984116852
10000,1005,carryover_crt,0,two-sided,ok,,-1.3762406879001707,0.15292353823088456,False,0.05,2000,25,250000,2497662026,0.009996199980378151
10000,1005,carryover_crt,1000,two-sided,ok,,-1.4181180112928482,0.14142928535732133,False,0.05,2000,25,225000,2483762581,0.009453200007556006
10000,1005,carryover_crt,2500,two-sided,ok,,-1.407573407279293,0.14442778610694654,False,0.05,2000,25,187500,4080499892,0.009309199987910688
10000,1005,carryover_crt,5000,two-sided,ok,,-1.3809222079307437,0.1539230384807596,False,0.05,2000,25,125000,696021956,0.008923399989726022
10000,1005,carryover_crt,10000,two-sided,ok,,-0.6456993188256709,0.6296851574212894,False,0.05,2000,12,120000,3006410662,0.008661300002131611
10000,1005,total_effect_crt,5000,greater,ok,,0.2058876747292578,0.38780609695152424,False,0.05,2000,50,250000,467476318,0.011573399999178946
10000,1006,anticipation_pirt,-1,greater,ok,,0.00038640097144579567,0.8985507246376812,False,0.05,2000,49,10000,1618374477,0.01746659999480471
10000,1006,carryover_crt,0,two-sided,ok,,-0.7523430228963346,0.4672663668165917,False,0.05,2000,25,250000,786012666,0.010641900007613003
10000,1006,carryover_crt,1000,two-sided,ok,,-0.8408400698729356,0.45977011494252873,False,0.05,2000,25,225000,1892021372,0.010749300010502338
10000,1006,carryover_crt,2500,two-sided,ok,,-0.8865132599948248,0.4012993503248376,False,0.05,2000,25,187500,1358112902,0.00931940000737086
10000,1006,carryover_crt,5000,two-sided,ok,,-0.9708342184858918,0.3853073463268366,False,0.05,2000,25,125000,2939562613,0.00931919997674413
10000,1006,carryover_crt,10000,two-sided,ok,,1.1785639729868622,0.4527736131934033,False,0.05,2000,12,120000,4203115220,0.008343599998624995
10000,1006,total_effect_crt,5000,greater,ok,,1.9340751552366466,0.0024987506246876563,True,0.05,2000,50,250000,2150627400,0.014045100018847734
10000,1007,anticipation_pirt,-1,greater,ok,,-0.00023639512402597168,0.34632683658170915,False,0.05,2000,49,10000,1635379954,0.015308500005630776
10000,1007,carryover_crt,0,two-sided,ok,,1.1900822930852326,0.23238380809595202,False,0.05,2000,25,250000,2896862717,0.010557000001426786
10000,1007,carryover_crt,1000,two-sided,ok,,1.1390774853322905,0.26686656671664166,False,0.05,2000,25,225000,3737595039,0.009355799993500113
10000,1007,carryover_crt,2500,two-sided,ok,,1.1158126681290468,0.2613693153423288,False,0.05,2000,25,187500,3164584240,0.009340799995698035
10000,1007,carryover_crt,5000,two-sided,ok,,1.127656934534818,0.27436281859070466,False,0.05,2000,25,125000,2829678245,0.008885499992175028
10000,1007,carryover_crt,10000,two-sided,ok,,1.0824934742900851,0.42778610694652675,False,0.05,2000,12,120000,2605022268,0.009410099999513477
10000,1007,total_effect_crt,5000,greater,ok,,1.90969699609074,0.0014992503748125937,True,0.05,2000,50,250000,1806925972,0.010693600022932515
10000,1008,anticipation_pirt,-1,greater,ok,,0.0003213419295200085,0.8445777111444278,False,0.05,2000,49,20000,911822468,0.017064499988919124
10000,1008,carryover_crt,0,two-sided,ok,,0.12029167730598143,0.9055472263868066,False,0.05,2000,25,250000,4205904990,0.009959200018784031
10000,1008,carryover_crt,1000,two-sided,ok,,0.07419066500499831,0.936031984007996,False,0.05,2000,25,225000,2869996907,0.00969849998364225
10000,1008,carryover_crt,2500,two-sided,ok,,0.059557758689939996,0.9505247376311844,False,0.05,2000,25,187500,3776722255,0.009212000004481524
10000,1008,carryover_crt,5000,two-sided,ok,,0.023378719214975766,0.9845077461269365,False,0.05,2000,25,125000,2585141365,0.009413799998583272
10000,1008,carryover_crt,10000,two-sided,ok,,-0.0621811656734906,0.974512743628186,False,0.05,2000,12,120000,2308798603,0.009048800013260916
10000,1008,total_effect_crt,5000,greater,ok,,1.672159321560532,0.004497751124437781,True,0.05,2000,50,250000,1730625596,0.013172600010875612
10000,1009,anticipation_pirt,-1,greater,ok,,-0.00011860115947413901,0.3868065967016492,False,0.05,2000,49,10000,1218852243,0.015440600021975115
10000,1009,carryover_crt,0,two-sided,ok,,-1.38549180802162,0.1774112943528236,False,0.05,2000,25,250000,102045205,0.010915399994701147
10000,1009,carryover_crt,1000,two-sided,ok,,-1.4403664557002651,0.18590704647676162,False,0.05,2000,25,225000,2755522426,0.009376300004078075
10000,1009,carryover_crt,2500,two-sided,ok,,-1.4553836465570924,0.1714142928535732,False,0.05,2000,25,187500,1794132822,0.00980830000480637
10000,1009,carryover_crt,5000,two-sided,ok,,-1.5217724453600345,0.15092453773113443,False,0.05,2000,25,125000,1957445325,0.009518699982436374
10000,1009,carryover_crt,10000,two-sided,ok,,1.4226451343113247,0.36081959020489757,False,0.05,2000,12,120000,4120902135,0.009094400011235848
10000,1009,total_effect_crt,5000,greater,ok,,1.2324535718503893,0.04547726136931534,True,0.05,2000,50,250000,1333859638,0.01199960001395084
10000,1010,anticipation_pirt,-1,greater,ok,,1.1445635926919521e-05,0.5652173913043478,False,0.05,2000,49,20000,2139150155,0.016334000014467165
10000,1010,carryover_crt,0,two-sided,ok,,-0.8210143006365594,0.3888055972013993,False,0.05,2000,25,250000,2331372268,0.009859599987976253
10000,1010,carryover_crt,1000,two-sided,ok,,-0.8845551791072555,0.3728135932033983,False,0.05,2000,25,225000,1342418691,0.00924219997250475
10000,1010,carryover_crt,2500,two-sided,ok,,-0.9019250986633699,0.3403298350824588,False,0.05,2000,25,187500,3497758146,0.010272899991832674
10000,1010,carryover_crt,5000,two-sided,ok,,-0.9265804583941103,0.33883058470764615,False,0.05,2000,25,125000,2136235464,0.010103899985551834
10000,1010,carryover_crt,10000,two-sided,ok,,-2.084845618663697,0.17691154422788605,False,0.05,2000,12,120000,1042124580,0.008448300010059029
10000,1010,total_effect_crt,5000,greater,ok,,0.5792651858764887,0.18040979510244878,False,0.05,2000,50,250000,1855814447,0.013714900007471442
10000,1011,anticipation_pirt,-1,greater,ok,,0.00022817030243904978,0.7796101949025487,False,0.05,2000,49,10000,3658506291,0.017233699996722862
10000,1011,carryover_crt,0,two-sided,ok,,-0.13368423632381862,0.8755622188905547,False,0.05,2000,25,250000,4142843918,0.010721200000261888
10000,1011,carryover_crt,1000,two-sided,ok,,-0.18691083943815695,0.8575712143928036,False,0.05,2000,25,225000,2649317066,0.009868799999821931
10000,1011,carryover_crt,2500,two-sided,ok,,-0.1842363682142298,0.8520739630184908,False,0.05,2000,25,187500,4024410232,0.009696599998278543
10000,1011,carryover_crt,5000,two-sided,ok,,-0.19821647445556514,0.8375812093953023,False,0.05,2000,25,125000,77373239,0.009175400016829371
10000,1011,carryover_crt,10000,two-sided,ok,,1.0455653091298107,0.40929535232383807,False,0.05,2000,12,120000,3330918257,0.009590900008333847
10000,1011,total_effect_crt,5000,greater,ok,,1.254275170472771,0.03648175912043978,True,0.05,2000,50,250000,3378000823,0.012670099997194484
10000,1012,anticipation_pirt,-1,greater,ok,,0.0003623592750605703,0.7191404297851074,False,0.05,2000,49,20000,2867952094,0.016212699993047863
10000,1012,carryover_crt,0,two-sided,ok,,-0.4432876703332067,0.6421789105447276,False,0.05,2000,25,250000,1410221977,0.01026300000376068
10000,1012,carryover_crt,1000,two-sided,ok,,-0.5155460330518418,0.5967016491754122,False,0.05,2000,25,225000,1024066939,0.008992299990495667
10000,1012,carryover_crt,2500,two-sided,ok,,-0.545445427976807,0.5817091454272864,False,0.05,2000,25,187500,2328857772,0.009194000012939796
10000,1012,carryover_crt,5000,two-sided,ok,,-0.5488787078227104,0.5782108945527237,False,0.05,2000,25,125000,3465617639,0.009166200004983693
10000,1012,carryover_crt,10000,two-sided,ok,,-1.9570494551002977,0.1889055472263868,False,0.05,2000,12,120000,3899251770,0.00880380001035519
10000,1012,total_effect_crt,5000,greater,ok,,0.8996595790189356,0.09845077461269365,False,0.05,2000,50,250000,1343740217,0.01275939997867681
10000,1013,anticipation_pirt,-1,greater,ok,,-0.0002495686896042223,0.14392803598200898,False,0.05,2000,49,10000,2818740026,0.014886199991451576
10000,1013,carryover_crt,0,two-sided,ok,,-0.014651119847729727,0.9875062468765617,False,0.05,2000,25,250000,2843428564,0.00947049999376759
10000,1013,carryover_crt,1000,two-sided,ok,,-0.04928115456240038,0.9565217391304348,False,0.05,2000,25,225000,2358730914,0.009836600016569719
10000,1013,carryover_crt,2500,two-sided,ok,,-0.044758185736258706,0.9625187406296851,False,0.05,2000,25,187500,1451130186,0.00881549998302944
10000,1013,carryover_crt,5000,two-sided,ok,,-0.0019312002669572338,0.999000499750125,False,0.05,2000,25,125000,1900998428,0.00987650000024587
10000,1013,carryover_crt,10000,two-sided,ok,,1.0696753093590339,0.4592703648175912,False,0.05,2000,12,120000,321193418,0.009776199993211776
10000,1013,total_effect_crt,5000,greater,ok,,1.3561242085944414,0.02798600699650175,True,0.05,2000,50,250000,966779825,0.01131339999847114
10000,1014,anticipation_pirt,-1,greater,ok,,0.00027431525242751684,0.6071964017991005,False,0.05,2000,49,20000,4069974782,0.016942399990512058
10000,1014,carryover_crt,0,two-sided,ok,,0.2998822333014309,0.768615692153923,False,0.05,2000,25,250000,286495081,0.009873899980448186
10000,1014,carryover_crt,1000,two-sided,ok,,0.2249004394636551,0.8100949525237381,False,0.05,2000,25,225000,407534252,0.009405799995874986
10000,1014,carryover_crt,2500,two-sided,ok,,0.21215316857488964,0.8330834582708646,False,0.05,2000,25,187500,1484351537,0.0098201000073459
10000,1014,carryover_crt,5000,two-sided,ok,,0.18874143570372456,0.8425787106446777,False,0.05,2000,25,125000,2883116503,0.009563400002662092
10000,1014,carryover_crt,10000,two-sided,ok,,-1.6947262941080767,0.25787106446776614,False,0.05,2000,12,120000,3652689824,0.008490700012771413
10000,1014,total_effect_crt,5000,greater,ok,,1.3042257294167579,0.03398300849575212,True,0.05,2000,50,250000,3308470623,0.013702299998840317
10000,1015,anticipation_pirt,-1,greater,ok,,-0.00030950243097600306,0.47426286856571714,False,0.05,2000,49,10000,3589990294,0.015129299979889765
10000,1015,carryover_crt,0,two-sided,ok,,1.0687501357298794,0.3078460769615192,False,0.05,2000,25,250000,1517013846,0.01018320000730455
10000,1015,carryover_crt,1000,two-sided,ok,,1.0121117102396158,0.33233383308345826,False,0.05,2000,25,225000,2741402152,0.009687999991001561
10000,1015,carryover_crt,2500,two-sided,ok,,0.9935871772395768,0.34182908545727136,False,0.05,2000,25,187500,3673064713,0.009530100011033937
10000,1015,carryover_crt,5000,two-sided,ok,,0.9897255778074863,0.3683158420789605,False,0.05,2000,25,125000,1589256655,0.009266099979868159
10000,1015,carryover_crt,10000,two-sided,ok,,0.9022363138403744,0.5642178910544727,False,0.05,2000,12,120000,498828540,0.008441400015726686
10000,1015,total_effect_crt,5000,greater,ok,,2.3331242663913367,0.0014992503748125937,True,0.05,2000,50,250000,2725642317,0.011897099990164861
10000,1016,anticipation_pirt,-1,greater,ok,,0.00036358069859331564,0.7286356821589205,False,0.05,2000,49,20000,1827595364,0.017823200003476813
10000,1016,carryover_crt,0,two-sided,ok,,0.04935191856609279,0.9630184907546226,False,0.05,2000,25,250000,2069370328,0.010582400020211935
10000,1016,carryover_crt,1000,two-sided,ok,,-0.04429742157298655,0.9600199900049975,False,0.05,2000,25,225000,266244660,0.009113000007346272
10000,1016,carryover_crt,2500,two-sided,ok,,-0.0802534383665921,0.9415292353823088,False,0.05,2000,25,187500,3839966807,0.010440999991260469
10000,1016,carryover_crt,5000,two-sided,ok,,-0.049474879302769816,0.9635182408795602,False,0.05,2000,25,125000,1577680645,0.010726000007707626
10000,1016,carryover_crt,10000,two-sided,ok,,-1.4007433019496809,0.36281859070464767,False,0.05,2000,12,120000,325346437,0.008999799989396706
10000,1016,total_effect_crt,5000,greater,ok,,1.7798180393740535,0.004997501249375313,True,0.05,2000,50,250000,2986289624,0.013072599977022037
10000,1017,anticipation_pirt,-1,greater,ok,,0.000327357703997368,0.8500749625187406,False,0.05,2000,49,10000,3947397781,0.01575820002472028
10000,1017,carryover_crt,0,two-sided,ok,,0.21827007433114942,0.815592203898051,False,0.05,2000,25,250000,2699192789,0.00934600000618957
10000,1017,carryover_crt,1000,two-sided,ok,,0.1672455952678124,0.8555722138930535,False,0.05,2000,25,225000,1380381827,0.009357100003398955
10000,1017,carryover_crt,2500,two-sided,ok,,0.15120287561913318,0.8820589705147426,False,0.05,2000,25,187500,4288436250,0.00951940001687035
10000,1017,carryover_crt,5000,two-sided,ok,,0.18551263483858116,0.8545727136431784,False,0.05,2000,25,125000,456467977,0.008699400001205504
10000,1017,carryover_crt,10000,two-sided,ok,,-2.948251265919767,0.04097951024487756,True,0.05,2000,12,120000,1578492616,0.008796000009169802
10000,1017,total_effect_crt,5000,greater,ok,,0.9920374969744981,0.07946026986506746,False,0.05,2000,50,250000,2210910199,0.011328900000080466
10000,1018,anticipation_pirt,-1,greater,ok,,0.00022162455258825526,0.7261369315342329,False,0.05,2000,49,10000,1947120005,0.01344270000117831
10000,1018,carryover_crt,0,two-sided,ok,,-1.6902032412898094,0.07946026986506746,False,0.05,2000,25,250000,1426505649,0.009908000007271767
10000,1018,carryover_crt,1000,two-sided,ok,,-1.7868485813124477,0.05297351324337831,False,0.05,2000,25,225000,1625061098,0.009182500012684613
10000,1018,carryover_crt,2500,two-sided,ok,,-1.8309784113889733,0.0559720139930035,False,0.05,2000,25,187500,2213720061,0.009916900016833097
10000,1018,carryover_crt,5000,two-sided,ok,,-1.871807317546636,0.05297351324337831,False,0.05,2000,25,125000,4087976248,0.00923929997952655
10000,1018,carryover_crt,10000,two-sided,ok,,-1.2151133050120746,0.4027986006996502,False,0.05,2000,12,120000,1566942320,0.009147000004304573
10000,1018,total_effect_crt,5000,greater,ok,,0.21435935563246905,0.36531734132933535,False,0.05,2000,50,250000,2693480019,0.011398200003895909
10000,1019,anticipation_pirt,-1,greater,ok,,-0.0003193981753087316,0.45577211394302847,False,0.05,2000,49,10000,1188245658,0.015532699995674193
10000,1019,carryover_crt,0,two-sided,ok,,2.3466201858983933,0.00849575212393803,True,0.05,2000,25,250000,687379811,0.009669699997175485
10000,1019,carryover_crt,1000,two-sided,ok,,2.2871638583529164,0.015492253873063468,True,0.05,2000,25,225000,3229833710,0.009703300020191818
10000,1019,carryover_crt,2500,two-sided,ok,,2.259457441155255,0.01249375312343828,True,0.05,2000,25,187500,627350308,0.010221100004855543
10000,1019,carryover_crt,5000,two-sided,ok,,2.2122228292629718,0.02148925537231384,True,0.05,2000,25,125000,1493925432,0.00923039999906905
10000,1019,carryover_crt,10000,two-sided,ok,,-0.3641348243471854,0.7901049475262368,False,0.05,2000,12,120000,3903710993,0.009168599994154647
10000,1019,total_effect_crt,5000,greater,ok,,2.2131777090473475,0.0009995002498750624,True,0.05,2000,50,250000,3087254502,0.010972599993692711
10000,1020,anticipation_pirt,-1,greater,ok,,-0.00024431585622926267,0.08895552223888056,False,0.05,2000,49,10000,1728559249,0.024617400020360947
10000,1020,carryover_crt,0,two-sided,ok,,-0.7704738216194064,0.4302848575712144,False,0.05,2000,25,250000,145263998,0.014034600026207045
10000,1020,carryover_crt,1000,two-sided,ok,,-0.8403671798529392,0.38630684657671166,False,0.05,2000,25,225000,1803150243,0.015914499992504716
10000,1020,carryover_crt,2500,two-sided,ok,,-0.8409077132741807,0.39080459770114945,False,0.05,2000,25,187500,2542092361,0.014577900001313537
10000,1020,carryover_crt,5000,two-sided,ok,,-0.8334108600836694,0.3988005997001499,False,0.05,2000,25,125000,1041536328,0.014598100009607151
10000,1020,carryover_crt,10000,two-sided,ok,,-1.477589298279428,0.31384307846076964,False,0.05,2000,12,120000,2797474840,0.017935199983185157
10000,1020,total_effect_crt,5000,greater,ok,,0.9612930175545812,0.08945527236381809,False,0.05,2000,50,250000,3625233681,0.014060799992876127
10000,1021,anticipation_pirt,-1,greater,ok,,0.0005112450665420478,0.9505247376311844,False,0.05,2000,49,20000,3774241401,0.015043299994431436
10000,1021,carryover_crt,0,two-sided,ok,,0.4288886299168169,0.6476761619190404,False,0.05,2000,25,250000,1004648574,0.009343299985630438
10000,1021,carryover_crt,1000,two-sided,ok,,0.3700234580627248,0.7151424287856072,False,0.05,2000,25,225000,2883454929,0.009210199990775436
10000,1021,carryover_crt,2500,two-sided,ok,,0.34547135180962074,0.7211394302848576,False,0.05,2000,25,187500,339155420,0.009381000010762364
10000,1021,carryover_crt,5000,two-sided,ok,,0.3729753518202902,0.7016491754122939,False,0.05,2000,25,125000,1077416423,0.008911199984140694
10000,1021,carryover_crt,10000,two-sided,ok,,-1.4696764660554937,0.25537231384307846,False,0.05,2000,12,120000,2633112375,0.008284699986688793
10000,1021,total_effect_crt,5000,greater,ok,,0.8336407810041309,0.11644177911044477,False,0.05,2000,50,250000,2625393322,0.010696199984522536
10000,1022,anticipation_pirt,-1,greater,ok,,0.00055499828168873,0.9500249875062469,False,0.05,2000,49,10000,2678012817,0.017379700002493337
10000,1022,carryover_crt,0,two-sided,ok,,0.06137335909944767,0.9430284857571214,False,0.05,2000,25,250000,1092089156,0.009739000000990927
10000,1022,carryover_crt,1000,two-sided,ok,,0.005996089150144073,0.9940029985007496,False,0.05,2000,25,225000,917242197,0.010731399990618229
10000,1022,carryover_crt,2500,two-sided,ok,,-0.007698452787101431,0.9940029985007496,False,0.05,2000,25,187500,1688010659,0.009035499999299645
10000,1022,carryover_crt,5000,two-sided,ok,,-0.03265855901738995,0.9770114942528736,False,0.05,2000,25,125000,1430982675,0.01032840000698343
10000,1022,carryover_crt,10000,two-sided,ok,,-1.2913081372605324,0.33883058470764615,False,0.05,2000,12,120000,3085176273,0.00876669998979196
10000,1022,total_effect_crt,5000,greater,ok,,0.9573498176080137,0.08545727136431784,False,0.05,2000,50,250000,1324094010,0.013298400008352473
10000,1023,anticipation_pirt,-1,greater,ok,,0.00010830982435868159,0.5537231384307846,False,0.05,2000,49,20000,2566782178,0.015725200006272644
10000,1023,carryover_crt,0,two-sided,ok,,-0.36391223170301323,0.7101449275362319,False,0.05,2000,25,250000,916626840,0.010288399993441999
10000,1023,carryover_crt,1000,two-sided,ok,,-0.3846543913342226,0.6761619190404797,False,0.05,2000,25,225000,1998984876,0.010596100008115172
10000,1023,carryover_crt,2500,two-sided,ok,,-0.37106687148988243,0.7126436781609196,False,0.05,2000,25,187500,4154972286,0.009385500015923753
10000,1023,carryover_crt,5000,two-sided,ok,,-0.37220239169627434,0.7101449275362319,False,0.05,2000,25,125000,4283374555,0.009267099987482652
10000,1023,carryover_crt,10000,two-sided,ok,,-2.751228270220912,0.07196401799100449,False,0.05,2000,12,120000,177087998,0.009303300001192838
10000,1023,total_effect_crt,5000,greater,ok,,0.41970766971662643,0.2608695652173913,False,0.05,2000,50,250000,879038857,0.010412500007078052
10000,1024,anticipation_pirt,-1,greater,ok,,-0.00013827307739142165,0.35082458770614694,False,0.05,2000,49,10000,3991849664,0.017886399989947677
10000,1024,carryover_crt,0,two-sided,ok,,-0.6365807856404782,0.5272363818090955,False,0.05,2000,25,250000,2733226293,0.011309299996355549
10000,1024,carryover_crt,1000,two-sided,ok,,-0.6761791848385167,0.4912543728135932,False,0.05,2000,25,225000,4073749608,0.010531400010222569
10000,1024,carryover_crt,2500,two-sided,ok,,-0.6768298511444927,0.5112443778110944,False,0.05,2000,25,187500,694713945,0.010713299998315051
10000,1024,carryover_crt,5000,two-sided,ok,,-0.7218145436011255,0.48125937031484256,False,0.05,2000,25,125000,1780342006,0.009585499996319413
10000,1024,carryover_crt,10000,two-sided,ok,,-0.0010068335907843506,0.9995002498750625,False,0.05,2000,12,120000,2605550160,0.008842000010190532
10000,1024,total_effect_crt,5000,greater,ok,,0.6698280638191253,0.16541729135432284,False,0.05,2000,50,250000,2924165946,0.012696699996013194
10000,1025,anticipation_pirt,-1,greater,ok,,-0.00026374789509473596,0.08445777111444278,False,0.05,2000,49,20000,3649540872,0.014366899995366111
10000,1025,carryover_crt,0,two-sided,ok,,-0.25793423443596053,0.8030984507746127,False,0.05,2000,25,250000,3909924574,0.009800899977562949
10000,1025,carryover_crt,1000,two-sided,ok,,-0.2972747490462661,0.7681159420289855,False,0.05,2000,25,225000,3861263275,0.010178399999858811
10000,1025,carryover_crt,2500,two-sided,ok,,-0.30187892650689696,0.7596201899050474,False,0.05,2000,25,187500,3095612677,0.009719099994981661
10000,1025,carryover_crt,5000,two-sided,ok,,-0.2557383940602838,0.7941029485257372,False,0.05,2000,25,125000,2459253568,0.009662199998274446
10000,1025,carryover_crt,10000,two-sided,ok,,-0.2854341596387327,0.8345827086456772,False,0.05,2000,12,120000,2631562186,0.008585300005506724
10000,1025,total_effect_crt,5000,greater,ok,,0.7883051016115844,0.12743628185907047,False,0.05,2000,50,250000,3179482580,0.010443999985000119
10000,1026,anticipation_pirt,-1,greater,ok,,-0.00029481877749531707,0.5022488755622189,False,0.05,2000,49,20000,1696191508,0.017684200021903962
10000,1026,carryover_crt,0,two-sided,ok,,1.272166370930299,0.16241879060469766,False,0.05,2000,25,250000,1438335975,0.010118700010934845
10000,1026,carryover_crt,1000,two-sided,ok,,1.2294765050623648,0.20589705147426288,False,0.05,2000,25,225000,3521510481,0.009873700008029118
10000,1026,carryover_crt,2500,two-sided,ok,,1.2355723449668887,0.19790104947526238,False,0.05,2000,25,187500,3285364160,0.009863499988568947
10000,1026,carryover_crt,5000,two-sided,ok,,1.2514137317256628,0.1774112943528236,False,0.05,2000,25,125000,2722150832,0.009868000022834167
10000,1026,carryover_crt,10000,two-sided,ok,,-2.217557115982659,0.14042978510744628,False,0.05,2000,12,120000,2520742447,0.009131300001172349
10000,1026,total_effect_crt,5000,greater,ok,,1.3100679696404784,0.034482758620689655,True,0.05,2000,50,250000,1088791504,0.012978500017197803
10000,1027,anticipation_pirt,-1,greater,ok,,0.0005671272227011266,0.9280359820089955,False,0.05,2000,49,10000,2012541751,0.01512409999850206
10000,1027,carryover_crt,0,two-sided,ok,,-0.6384731855877039,0.5057471264367817,False,0.05,2000,25,250000,1178034675,0.009712500002933666
10000,1027,carryover_crt,1000,two-sided,ok,,-0.7284871835575502,0.47876061969015493,False,0.05,2000,25,225000,1581510923,0.00987050001276657
10000,1027,carryover_crt,2500,two-sided,ok,,-0.7946775287287633,0.4617691154422789,False,0.05,2000,25,187500,4170806394,0.009442399983527139
10000,1027,carryover_crt,5000,two-sided,ok,,-0.8631271809828879,0.42278860569715143,False,0.05,2000,25,125000,3502392396,0.010357699997257441
10000,1027,carryover_crt,10000,two-sided,ok,,0.011551498696859971,0.9945027486256871,False,0.05,2000,12,120000,1790223647,0.008810100000118837
10000,1027,total_effect_crt,5000,greater,ok,,1.2635279708047211,0.044977511244377814,True,0.05,2000,50,250000,739298142,0.011130500002764165
10000,1028,anticipation_pirt,-1,greater,ok,,0.0004883394640387434,0.8260869565217391,False,0.05,2000,49,10000,2219213050,0.017515100014861673
10000,1028,carryover_crt,0,two-sided,ok,,-1.4373223659814003,0.16691654172913542,False,0.05,2000,25,250000,416734626,0.00948970002355054
10000,1028,carryover_crt,1000,two-sided,ok,,-1.5211587197564873,0.16591704147926037,False,0.05,2000,25,225000,933472952,0.009960600000340492
10000,1028,carryover_crt,2500,two-sided,ok,,-1.537230363871753,0.13543228385807096,False,0.05,2000,25,187500,2380781140,0.009570099995471537
10000,1028,carryover_crt,5000,two-sided,ok,,-1.5166910049884614,0.1634182908545727,False,0.05,2000,25,125000,1465232201,0.009367799997562543
10000,1028,carryover_crt,10000,two-sided,ok,,-1.2492714711919426,0.45527236381809094,False,0.05,2000,12,120000,1185290578,0.009150099998805672
10000,1028,total_effect_crt,5000,greater,ok,,1.3685025280995518,0.02848575712143928,True,0.05,2000,50,250000,1882627547,0.012744099978590384
10000,1029,anticipation_pirt,-1,greater,ok,,6.053732791311377e-05,0.6506746626686657,False,0.05,2000,49,10000,3022607499,0.015261499996995553
10000,1029,carryover_crt,0,two-sided,ok,,1.418531087198362,0.17191404297851073,False,0.05,2000,25,250000,1637018519,0.009296300006099045
10000,1029,carryover_crt,1000,two-sided,ok,,1.385490456778821,0.1874062968515742,False,0.05,2000,25,225000,3211194771,0.009717000008095056
10000,1029,carryover_crt,2500,two-sided,ok,,1.3877981545960705,0.20389805097451275,False,0.05,2000,25,187500,1328717203,0.01004090000060387
10000,1029,carryover_crt,5000,two-sided,ok,,1.439628287359774,0.17791104447776113,False,0.05,2000,25,125000,2662757399,0.009506700007477775
10000,1029,carryover_crt,10000,two-sided,ok,,-0.6416803191290548,0.7171414292853573,False,0.05,2000,12,120000,189068222,0.008449899993138388
10000,1029,total_effect_crt,5000,greater,ok,,2.5968113803335577,0.0009995002498750624,True,0.05,2000,50,250000,412452706,0.010412900010123849
10000,1030,anticipation_pirt,-1,greater,ok,,0.00036782299401337206,0.8255872063968016,False,0.05,2000,49,20000,3879462832,0.02536819997476414
10000,1030,carryover_crt,0,two-sided,ok,,2.5607117817192826,0.017491254372813594,True,0.05,2000,25,250000,777008173,0.01752880000276491
10000,1030,carryover_crt,1000,two-sided,ok,,2.5333734535062478,0.01649175412293853,True,0.05,2000,25,225000,3124582647,0.01380559999961406
10000,1030,carryover_crt,2500,two-sided,ok,,2.540461595484833,0.012993503248375811,True,0.05,2000,25,187500,2328279991,0.012215599999763072
10000,1030,carryover_crt,5000,two-sided,ok,,2.5577997817380136,0.01649175412293853,True,0.05,2000,25,125000,3677751537,0.01377900000079535
10000,1030,carryover_crt,10000,two-sided,ok,,2.3720012793025314,0.08295852073963018,False,0.05,2000,12,120000,2465519517,0.010872700018808246
10000,1030,total_effect_crt,5000,greater,ok,,2.976360731151372,0.0004997501249375312,True,0.05,2000,50,250000,2724219891,0.016698499995982274
10000,1031,anticipation_pirt,-1,greater,ok,,-0.0003658801227025243,0.30184907546226886,False,0.05,2000,49,20000,365307736,0.017332299990812317
10000,1031,carryover_crt,0,two-sided,ok,,-0.14195039565475273,0.8845577211394303,False,0.05,2000,25,250000,2089503153,0.010325500014005229
10000,1031,carryover_crt,1000,two-sided,ok,,-0.2014539499017929,0.8460769615192404,False,0.05,2000,25,225000,267396401,0.009367399994516745
10000,1031,carryover_crt,2500,two-sided,ok,,-0.21390420743378002,0.8285857071464268,False,0.05,2000,25,187500,3016963201,0.009672799991676584
10000,1031,carryover_crt,5000,two-sided,ok,,-0.2184630337639451,0.8175912043978011,False,0.05,2000,25,125000,3809933617,0.009641300013754517
10000,1031,carryover_crt,10000,two-sided,ok,,0.3215089935312361,0.8105947026486756,False,0.05,2000,12,120000,3859982143,0.009230199997546151
10000,1031,total_effect_crt,5000,greater,ok,,1.2742506909175069,0.03248375812093953,True,0.05,2000,50,250000,4053200999,0.01441170001635328
10000,1032,anticipation_pirt,-1,greater,ok,,0.0004942289454074748,0.912543728135932,False,0.05,2000,49,20000,2841952876,0.015874400007305667
10000,1032,carryover_crt,0,two-sided,ok,,-1.7403973999461235,0.0734632683658171,False,0.05,2000,25,250000,1603402769,0.011104300006991252
10000,1032,carryover_crt,1000,two-sided,ok,,-1.8471801351863308,0.05997001499250375,False,0.05,2000,25,225000,2895566443,0.013318799989065155
10000,1032,carryover_crt,2500,two-sided,ok,,-1.8856958498712577,0.0559720139930035,False,0.05,2000,25,187500,2305810601,0.01146179999341257
10000,1032,carryover_crt,5000,two-sided,ok,,-1.8955938763944207,0.05347326336831584,False,0.05,2000,25,125000,4197874722,0.013386999984504655
10000,1032,carryover_crt,10000,two-sided,ok,,1.0841278077362417,0.391304347826087,False,0.05,2000,12,120000,2009391441,0.011502800014568493
10000,1032,total_effect_crt,5000,greater,ok,,0.5354145474598259,0.20039980009995004,False,0.05,2000,50,250000,2903213001,0.011998599977232516
10000,1033,anticipation_pirt,-1,greater,ok,,-0.0004950529411516695,0.22488755622188905,False,0.05,2000,49,10000,2697207653,0.014841399999568239
10000,1033,carryover_crt,0,two-sided,ok,,-0.38399183050414926,0.7101449275362319,False,0.05,2000,25,250000,1064419155,0.010343700007069856
10000,1033,carryover_crt,1000,two-sided,ok,,-0.47510709966849946,0.6816591704147926,False,0.05,2000,25,225000,59110459,0.009625800012145191
10000,1033,carryover_crt,2500,two-sided,ok,,-0.5045826012959282,0.6351824087956022,False,0.05,2000,25,187500,1908120904,0.009886999992886558
10000,1033,carryover_crt,5000,two-sided,ok,,-0.5869289465645253,0.5882058970514743,False,0.05,2000,25,125000,1313614931,0.009014699986437336
10000,1033,carryover_crt,10000,two-sided,ok,,1.1418421403185157,0.48075962018990503,False,0.05,2000,12,120000,4203079546,0.009084200020879507
10000,1033,total_effect_crt,5000,greater,ok,,1.8654477974379957,0.0079960019990005,True,0.05,2000,50,250000,3379969161,0.010112699994351715
10000,1034,anticipation_pirt,-1,greater,ok,,6.04103883053503e-06,0.5467266366816592,False,0.05,2000,49,20000,1165700609,0.016918699984671548
10000,1034,carryover_crt,0,two-sided,ok,,0.4121217499805242,0.6426786606696652,False,0.05,2000,25,250000,1645485875,0.009357500006444752
10000,1034,carryover_crt,1000,two-sided,ok,,0.3790524351477623,0.6741629185407296,False,0.05,2000,25,225000,3869958220,0.010416899982374161
10000,1034,carryover_crt,2500,two-sided,ok,,0.36913791081806024,0.6936531734132934,False,0.05,2000,25,187500,2452249564,0.009943700017174706
10000,1034,carryover_crt,5000,two-sided,ok,,0.3055355126960874,0.735632183908046,False,0.05,2000,25,125000,530882932,0.009119700000155717
10000,1034,carryover_crt,10000,two-sided,ok,,-2.3898237779684055,0.10644677661169415,False,0.05,2000,12,120000,1285000107,0.008717399992747232
10000,1034,total_effect_crt,5000,greater,ok,,0.7511494227686971,0.14392803598200898,False,0.05,2000,50,250000,142577148,0.011558400001376867
10000,1035,anticipation_pirt,-1,greater,ok,,-0.0004835997197015805,0.263368315842079,False,0.05,2000,49,20000,2611102823,0.016001000010874122
10000,1035,carryover_crt,0,two-sided,ok,,-1.4955244455995709,0.17841079460269865,False,0.05,2000,25,250000,1030632041,0.009665599995059893
10000,1035,carryover_crt,1000,two-sided,ok,,-1.5975628965934943,0.14142928535732133,False,0.05,2000,25,225000,945979083,0.009855899988906458
10000,1035,carryover_crt,2500,two-sided,ok,,-1.6470618290983237,0.13543228385807096,False,0.05,2000,25,187500,3431340382,0.010621900000842288
10000,1035,carryover_crt,5000,two-sided,ok,,-1.648967482318431,0.1344327836081959,False,0.05,2000,25,125000,2532254948,0.011022899998351932
10000,1035,carryover_crt,10000,two-sided,ok,,1.3562803019621719,0.3823088455772114,False,0.05,2000,12,120000,2874573611,0.009468700009165332
10000,1035,total_effect_crt,5000,greater,ok,,1.56585764416112,0.013493253373313344,True,0.05,2000,50,250000,3996946247,0.011373000015737489
10000,1036,anticipation_pirt,-1,greater,ok,,-0.0003835036868368808,0.010994502748625687,True,0.05,2000,49,10000,75929129,0.01618790000793524
10000,1036,carryover_crt,0,two-sided,ok,,0.7533474220553041,0.43778110944527737,False,0.05,2000,25,250000,467265903,0.010336099978303537
10000,1036,carryover_crt,1000,two-sided,ok,,0.6805434502994516,0.4862568715642179,False,0.05,2000,25,225000,3201485406,0.009936199989169836
10000,1036,carryover_crt,2500,two-sided,ok,,0.6262347579615712,0.5387306346826587,False,0.05,2000,25,187500,221415080,0.01047629999811761
10000,1036,carryover_crt,5000,two-sided,ok,,0.566165106287837,0.5817091454272864,False,0.05,2000,25,125000,51683554,0.011120600014692172
10000,1036,carryover_crt,10000,two-sided,ok,,0.2006891617238522,0.8825587206396801,False,0.05,2000,12,120000,3563789933,0.008881799993105233
10000,1036,total_effect_crt,5000,greater,ok,,1.6427912421696336,0.006496751624187906,True,0.05,2000,50,250000,2058851543,0.011516200000187382
10000,1037,anticipation_pirt,-1,greater,ok,,0.00036879758806341944,0.6521739130434783,False,0.05,2000,49,10000,3227653143,0.015037400007713586
10000,1037,carryover_crt,0,two-sided,ok,,-0.8384455003103765,0.39080459770114945,False,0.05,2000,25,250000,1220706275,0.01014589998521842
10000,1037,carryover_crt,1000,two-sided,ok,,-0.9081993564712504,0.3758120939530235,False,0.05,2000,25,225000,713075402,0.010651000018697232
10000,1037,carryover_crt,2500,two-sided,ok,,-0.9383178447414042,0.3493253373313343,False,0.05,2000,25,187500,3147271312,0.009641599986935034
10000,1037,carryover_crt,5000,two-sided,ok,,-0.9415958181604444,0.34832583708145926,False,0.05,2000,25,125000,3935324358,0.00971640000352636
10000,1037,carryover_crt,10000,two-sided,ok,,-1.4398941350967933,0.33883058470764615,False,0.05,2000,12,120000,1380220466,0.009329099993919954
10000,1037,total_effect_crt,5000,greater,ok,,0.7682207826412767,0.13143428285857073,False,0.05,2000,50,250000,3632261418,0.012486599996918812
10000,1038,anticipation_pirt,-1,greater,ok,,0.0003656546816494722,0.5602198900549725,False,0.05,2000,49,10000,1435825602,0.01568119999137707
10000,1038,carryover_crt,0,two-sided,ok,,0.5686627868925629,0.5482258870564718,False,0.05,2000,25,250000,1736553654,0.010175899980822578
10000,1038,carryover_crt,1000,two-sided,ok,,0.5002709217533967,0.6056971514242878,False,0.05,2000,25,225000,3189371985,0.010459899989655241
10000,1038,carryover_crt,2500,two-sided,ok,,0.47243902873446536,0.6181909045477262,False,0.05,2000,25,187500,1035776523,0.009966999990865588
10000,1038,carryover_crt,5000,two-sided,ok,,0.524639827385068,0.5777111444277861,False,0.05,2000,25,125000,4029456664,0.009800300002098083
10000,1038,carryover_crt,10000,two-sided,ok,,-0.08517133169531217,0.9480259870064968,False,0.05,2000,12,120000,275110716,0.009330500004580244
10000,1038,total_effect_crt,5000,greater,ok,,1.351880209208265,0.02798600699650175,True,0.05,2000,50,250000,401882907,0.01300849998369813
10000,1039,anticipation_pirt,-1,greater,ok,,-0.0005526012695922297,0.06446776611694154,False,0.05,2000,49,10000,579360346,0.015680999989854172
10000,1039,carryover_crt,0,two-sided,ok,,-0.648760864961356,0.5297351324337831,False,0.05,2000,25,250000,2457521149,0.009236600017175078
10000,1039,carryover_crt,1000,two-sided,ok,,-0.6931386504572794,0.5172413793103449,False,0.05,2000,25,225000,1557197366,0.009846200002357364
10000,1039,carryover_crt,2500,two-sided,ok,,-0.7078310235539078,0.527736131934033,False,0.05,2000,25,187500,2368578194,0.009736900014104322
10000,1039,carryover_crt,5000,two-sided,ok,,-0.7055379036664369,0.5292353823088456,False,0.05,2000,25,125000,1511677257,0.010880700021516532
10000,1039,carryover_crt,10000,two-sided,ok,,2.4608221107999486,0.06346826586706647,False,0.05,2000,12,120000,572715194,0.009356099995784461
10000,1039,total_effect_crt,5000,greater,ok,,1.5546860438586025,0.01249375312343828,True,0.05,2000,50,250000,3176275209,0.011382400000002235
10000,1040,anticipation_pirt,-1,greater,ok,,0.0002442938917624853,0.9045477261369316,False,0.05,2000,49,20000,3992929308,0.026078499999130145
10000,1040,carryover_crt,0,two-sided,ok,,0.13934319690835487,0.8820589705147426,False,0.05,2000,25,250000,41617892,0.012673199991695583
10000,1040,carryover_crt,1000,two-sided,ok,,0.09472755361535486,0.9215392303848076,False,0.05,2000,25,225000,2516654728,0.013143200019840151
10000,1040,carryover_crt,2500,two-sided,ok,,0.0888086381799976,0.927536231884058,False,0.05,2000,25,187500,2184433348,0.013704099983442575
10000,1040,carryover_crt,5000,two-sided,ok,,0.1188011172764301,0.9000499750124937,False,0.05,2000,25,125000,3247511999,0.015250900003593415
10000,1040,carryover_crt,10000,two-sided,ok,,-1.3873251350779399,0.28585707146426786,False,0.05,2000,12,120000,3836061630,0.010521899996092543
10000,1040,total_effect_crt,5000,greater,ok,,0.7443834226662814,0.14192903548225888,False,0.05,2000,50,250000,4069779579,0.016506199986906722
10000,1041,anticipation_pirt,-1,greater,ok,,0.00035645761539772406,0.6421789105447276,False,0.05,2000,49,10000,3005363029,0.01606799999717623
10000,1041,carryover_crt,0,two-sided,ok,,1.2055293314221647,0.2563718140929535,False,0.05,2000,25,250000,1946028208,0.010137300007045269
10000,1041,carryover_crt,1000,two-sided,ok,,1.1415562396066057,0.2698650674662669,False,0.05,2000,25,225000,650398447,0.008979800011729822
10000,1041,carryover_crt,2500,two-sided,ok,,1.0898383741016389,0.31384307846076964,False,0.05,2000,25,187500,3957991084,0.010264200012898073
10000,1041,carryover_crt,5000,two-sided,ok,,1.0413266954305171,0.32083958020989506,False,0.05,2000,25,125000,2884087591,0.009133500017924234
10000,1041,carryover_crt,10000,two-sided,ok,,1.244781971143124,0.4102948525737131,False,0.05,2000,12,120000,2305787398,0.008742100006202236
10000,1041,total_effect_crt,5000,greater,ok,,2.4308377841403783,0.0004997501249375312,True,0.05,2000,50,250000,2733536060,0.010431600006995723
10000,1042,anticipation_pirt,-1,greater,ok,,-0.0005053151897842952,0.08745627186406797,False,0.05,2000,49,10000,722963786,0.018209500005468726
10000,1042,carryover_crt,0,two-sided,ok,,1.3272574094586522,0.19890054972513743,False,0.05,2000,25,250000,364328906,0.01035500000580214
10000,1042,carryover_crt,1000,two-sided,ok,,1.2806949928633373,0.21389305347326337,False,0.05,2000,25,225000,1763130183,0.009811800002353266
10000,1042,carryover_crt,2500,two-sided,ok,,1.2667367177412112,0.22788605697151423,False,0.05,2000,25,187500,2840096157,0.009293099981732666
10000,1042,carryover_crt,5000,two-sided,ok,,1.234932612057537,0.2283858070964518,False,0.05,2000,25,125000,1411970002,0.00988979998510331
10000,1042,carryover_crt,10000,two-sided,ok,,1.4437746338439483,0.29685157421289354,False,0.05,2000,12,120000,1286262079,0.009056100010639057
10000,1042,total_effect_crt,5000,greater,ok,,2.0462343535526095,0.001999000499750125,True,0.05,2000,50,250000,123824435,0.013942099991254508
10000,1043,anticipation_pirt,-1,greater,ok,,-9.632447033119349e-05,0.41679160419790107,False,0.05,2000,49,20000,1911236358,0.017674900009296834
10000,1043,carryover_crt,0,two-sided,ok,,-0.6562946244991867,0.5297351324337831,False,0.05,2000,25,250000,3043275518,0.011121599993202835
10000,1043,carryover_crt,1000,two-sided,ok,,-0.7132878940448828,0.49525237381309345,False,0.05,2000,25,225000,152009334,0.009422800008906052
10000,1043,carryover_crt,2500,two-sided,ok,,-0.7059243566939434,0.5007496251874063,False,0.05,2000,25,187500,4115592129,0.009625500009860843
10000,1043,carryover_crt,5000,two-sided,ok,,-0.7072345435511471,0.5007496251874063,False,0.05,2000,25,125000,750625129,0.009519200015347451
10000,1043,carryover_crt,10000,two-sided,ok,,1.172604473467792,0.4047976011994003,False,0.05,2000,12,120000,4262009594,0.009355099988169968
10000,1043,total_effect_crt,5000,greater,ok,,1.3052394892745613,0.027486256871564217,True,0.05,2000,50,250000,2944291793,0.011178999993717298
10000,1044,anticipation_pirt,-1,greater,ok,,-8.25191344367641e-05,0.4267866066966517,False,0.05,2000,49,10000,331368536,0.01812470000004396
10000,1044,carryover_crt,0,two-sided,ok,,0.4173638301852493,0.6431784107946027,False,0.05,2000,25,250000,2851498163,0.0099845000077039
10000,1044,carryover_crt,1000,two-sided,ok,,0.38301216857350523,0.6986506746626686,False,0.05,2000,25,225000,1155031045,0.010460599994985387
10000,1044,carryover_crt,2500,two-sided,ok,,0.4005282037169933,0.7266366816591704,False,0.05,2000,25,187500,733471724,0.00948380000772886
10000,1044,carryover_crt,5000,two-sided,ok,,0.45425854912692304,0.6671664167916042,False,0.05,2000,25,125000,4125207229,0.009298199991462752
10000,1044,carryover_crt,10000,two-sided,ok,,1.7816072926807838,0.1489255372313843,False,0.05,2000,12,120000,212527515,0.010316800005966797
10000,1044,total_effect_crt,5000,greater,ok,,1.7689100389744044,0.005997001499250375,True,0.05,2000,50,250000,1868895601,0.013175300002330914
10000,1045,anticipation_pirt,-1,greater,ok,,-0.0007265998703833469,0.14592703648175911,False,0.05,2000,49,10000,2931040080,0.016744399996241555
10000,1045,carryover_crt,0,two-sided,ok,,-0.5141611884322463,0.5892053973013494,False,0.05,2000,25,250000,1979591881,0.00965709998854436
10000,1045,carryover_crt,1000,two-sided,ok,,-0.5649230982765058,0.5602198900549725,False,0.05,2000,25,225000,50930811,0.010258399997837842
10000,1045,carryover_crt,2500,two-sided,ok,,-0.5878134265116256,0.5432283858070964,False,0.05,2000,25,187500,3514229468,0.01005719997920096
10000,1045,carryover_crt,5000,two-sided,ok,,-0.6114942259840965,0.5142428785607196,False,0.05,2000,25,125000,1670597969,0.008965400018496439
10000,1045,carryover_crt,10000,two-sided,ok,,-1.0611003082515051,0.43278360819590206,False,0.05,2000,12,120000,3821990910,0.008656000019982457
10000,1045,total_effect_crt,5000,greater,ok,,0.24210551417279244,0.3633183408295852,False,0.05,2000,50,250000,2643915462,0.011047499981941655
10000,1046,anticipation_pirt,-1,greater,ok,,0.0002793215550047554,0.5232383808095952,False,0.05,2000,49,10000,2092162309,0.017048300011083484
10000,1046,carryover_crt,0,two-sided,ok,,1.6627655613768997,0.12493753123438281,False,0.05,2000,25,250000,4156892856,0.009912200010148808
10000,1046,carryover_crt,1000,two-sided,ok,,1.6169182735509011,0.12543728135932034,False,0.05,2000,25,225000,3156474968,0.010013499995693564
10000,1046,carryover_crt,2500,two-sided,ok,,1.6126900960050026,0.14642678660669664,False,0.05,2000,25,187500,3126630576,0.010153699986403808
10000,1046,carryover_crt,5000,two-sided,ok,,1.6650980418035686,0.11094452773613193,False,0.05,2000,25,125000,4207950824,0.010092099983012304
10000,1046,carryover_crt,10000,two-sided,ok,,0.5286924881095688,0.7566216891554223,False,0.05,2000,12,120000,3358123316,0.008534699998563156
10000,1046,total_effect_crt,5000,greater,ok,,2.7841582559053153,0.0004997501249375312,True,0.05,2000,50,250000,4062572,0.012992000003578141
10000,1047,anticipation_pirt,-1,greater,ok,,-0.0003489105210048102,0.35082458770614694,False,0.05,2000,49,10000,327538047,0.016841800010297447
10000,1047,carryover_crt,0,two-sided,ok,,-0.34289959164963646,0.7461269365317341,False,0.05,2000,25,250000,871465479,0.010312899976270273
10000,1047,carryover_crt,1000,two-sided,ok,,-0.43388052272515165,0.6996501749125438,False,0.05,2000,25,225000,1259855478,0.00977420000708662
10000,1047,carryover_crt,2500,two-sided,ok,,-0.4482276156919998,0.6856571714142928,False,0.05,2000,25,187500,3093047338,0.00934879999840632
10000,1047,carryover_crt,5000,two-sided,ok,,-0.44664910891327225,0.7011494252873564,False,0.05,2000,25,125000,3720534247,0.009087299986276776
10000,1047,carryover_crt,10000,two-sided,ok,,2.8803456007169554,0.0814592703648176,False,0.05,2000,12,120000,841798284,0.010403399995993823
10000,1047,total_effect_crt,5000,greater,ok,,2.184772589024827,0.001999000499750125,True,0.05,2000,50,250000,3534109249,0.01140969997504726
10000,1048,anticipation_pirt,-1,greater,ok,,-0.0003439026542873822,0.41329335332333833,False,0.05,2000,49,10000,3173312662,0.01723249998758547
10000,1048,carryover_crt,0,two-sided,ok,,1.4701906065523627,0.12893553223388307,False,0.05,2000,25,250000,3740553700,0.011024799983715639
10000,1048,carryover_crt,1000,two-sided,ok,,1.4089735680154294,0.14642678660669664,False,0.05,2000,25,225000,2245767605,0.010299899993697181
10000,1048,carryover_crt,2500,two-sided,ok,,1.3913737284745376,0.15542228885557222,False,0.05,2000,25,187500,3615467309,0.009173500002361834
10000,1048,carryover_crt,5000,two-sided,ok,,1.4030823683178126,0.14142928535732133,False,0.05,2000,25,125000,3131012097,0.009770700009539723
10000,1048,carryover_crt,10000,two-sided,ok,,-0.643338319397221,0.6276861569215393,False,0.05,2000,12,120000,1353464856,0.008851299993693829
10000,1048,total_effect_crt,5000,greater,ok,,1.8421948371684402,0.0029985007496251873,True,0.05,2000,50,250000,1953678097,0.012630100012756884
10000,1049,anticipation_pirt,-1,greater,ok,,0.0003960320020426463,0.8865567216391804,False,0.05,2000,49,10000,652911866,0.015577900019707158
10000,1049,carryover_crt,0,two-sided,ok,,0.3821794310669155,0.7116441779110445,False,0.05,2000,25,250000,2789348223,0.010418299993034452
10000,1049,carryover_crt,1000,two-sided,ok,,0.3072371483219331,0.7391304347826086,False,0.05,2000,25,225000,3419031064,0.010201700002653524
10000,1049,carryover_crt,2500,two-sided,ok,,0.25926250051399063,0.8000999500249875,False,0.05,2000,25,187500,1090897825,0.011450399993918836
10000,1049,carryover_crt,5000,two-sided,ok,,0.24283567436483494,0.7926036981509246,False,0.05,2000,25,125000,2123904278,0.012962100008735433
10000,1049,carryover_crt,10000,two-sided,ok,,-1.9716226202370912,0.21489255372313842,False,0.05,2000,12,120000,1415552348,0.01081859998521395
10000,1049,total_effect_crt,5000,greater,ok,,1.2381514909069389,0.046476761619190406,True,0.05,2000,50,250000,486869233,0.01145140000153333
10000,1050,anticipation_pirt,-1,greater,ok,,-0.0005045884203945046,0.16741629185407297,False,0.05,2000,49,10000,3348232791,0.013298400008352473
10000,1050,carryover_crt,0,two-sided,ok,,0.01917919907142224,0.9850074962518741,False,0.05,2000,25,250000,701606191,0.012769499997375533
10000,1050,carryover_crt,1000,two-sided,ok,,-0.04944097707707016,0.9660169915042479,False,0.05,2000,25,225000,225271022,0.016180000005988404
10000,1050,carryover_crt,2500,two-sided,ok,,-0.0777107186511158,0.9535232383808095,False,0.05,2000,25,187500,2312375570,0.014333800005260855
10000,1050,carryover_crt,5000,two-sided,ok,,-0.08742335842975994,0.9355322338830585,False,0.05,2000,25,125000,1149898218,0.014133899996522814
10000,1050,carryover_crt,10000,two-sided,ok,,1.948628621427839,0.1729135432283858,False,0.05,2000,12,120000,1110907266,0.013617599994176999
10000,1050,total_effect_crt,5000,greater,ok,,1.8323564379464685,0.005497251374312844,True,0.05,2000,50,250000,3203996995,0.012085700000170618
10000,1051,anticipation_pirt,-1,greater,ok,,-0.0002467284039759686,0.13243378310844578,False,0.05,2000,49,20000,483140336,0.014741799997864291
10000,1051,carryover_crt,0,two-sided,ok,,-0.8962892600659729,0.3488255872063968,False,0.05,2000,25,250000,1251063751,0.010032699996372685
10000,1051,carryover_crt,1000,two-sided,ok,,-0.9519021121517817,0.3403298350824588,False,0.05,2000,25,225000,1802760365,0.010361499997088686
10000,1051,carryover_crt,2500,two-sided,ok,,-0.9524500056984422,0.32033983008495753,False,0.05,2000,25,187500,2329378339,0.008992300019599497
10000,1051,carryover_crt,5000,two-sided,ok,,-0.9383919794320761,0.3638180909545227,False,0.05,2000,25,125000,845541811,0.009826499997870997
10000,1051,carryover_crt,10000,two-sided,ok,,1.2307159722621241,0.3448275862068966,False,0.05,2000,12,120000,1801729693,0.009278499986976385
10000,1051,total_effect_crt,5000,greater,ok,,0.8194703011846095,0.10794602698650675,False,0.05,2000,50,250000,988595262,0.010194700007559732
10000,1052,anticipation_pirt,-1,greater,ok,,0.00011368161655799884,0.5107446276861569,False,0.05,2000,49,20000,571045451,0.01704900001641363
10000,1052,carryover_crt,0,two-sided,ok,,-0.5605755875321627,0.5892053973013494,False,0.05,2000,25,250000,269047868,0.009660299983806908
10000,1052,carryover_crt,1000,two-sided,ok,,-0.6172307416711746,0.5297351324337831,False,0.05,2000,25,225000,3840657844,0.00925400000414811
10000,1052,carryover_crt,2500,two-sided,ok,,-0.634745265550077,0.5307346326836582,False,0.05,2000,25,187500,2359628069,0.00951029997668229
10000,1052,carryover_crt,5000,two-sided,ok,,-0.6740044648032782,0.5122438780609695,False,0.05,2000,25,125000,3855471643,0.008772400004090741
10000,1052,carryover_crt,10000,two-sided,ok,,-1.244931971254448,0.4332833583208396,False,0.05,2000,12,120000,3720486939,0.008538800000678748
10000,1052,total_effect_crt,5000,greater,ok,,1.1200059742180108,0.0559720139930035,False,0.05,2000,50,250000,1051816851,0.013973200024338439
10000,1053,anticipation_pirt,-1,greater,ok,,0.0005090055149561959,0.992503748125937,False,0.05,2000,49,10000,1775314766,0.014451900002313778
10000,1053,carryover_crt,0,two-sided,ok,,-0.26304407396417867,0.7896051974012993,False,0.05,2000,25,250000,822166752,0.008979100006399676
10000,1053,carryover_crt,1000,two-sided,ok,,-0.33709439208115144,0.7241379310344828,False,0.05,2000,25,225000,3275306740,0.00928220001515001
10000,1053,carryover_crt,2500,two-sided,ok,,-0.36095359162181595,0.7246376811594203,False,0.05,2000,25,187500,4080483164,0.009325899998657405
10000,1053,carryover_crt,5000,two-sided,ok,,-0.3737043111734987,0.7261369315342329,False,0.05,2000,25,125000,1520495775,0.009493899997323751
10000,1053,carryover_crt,10000,two-sided,ok,,-1.8971437899966102,0.20689655172413793,False,0.05,2000,12,120000,3982199820,0.008281600021291524
10000,1053,total_effect_crt,5000,greater,ok,,1.1257062933645696,0.04297851074462768,True,0.05,2000,50,250000,2021218724,0.010270200000377372
10000,1054,anticipation_pirt,-1,greater,ok,,-0.00013846484004569626,0.25787106446776614,False,0.05,2000,49,20000,501472811,0.01593900000443682
10000,1054,carryover_crt,0,two-sided,ok,,-1.3029776500948966,0.15692153923038482,False,0.05,2000,25,250000,3116615866,0.009233999997377396
10000,1054,carryover_crt,1000,two-sided,ok,,-1.3678556130294006,0.1424287856071964,False,0.05,2000,25,225000,1335795157,0.010055499995360151
10000,1054,carryover_crt,2500,two-sided,ok,,-1.4137146341345308,0.1184407796101949,False,0.05,2000,25,187500,2563894120,0.010229899984551594
10000,1054,carryover_crt,5000,two-sided,ok,,-1.46463180653131,0.111944027986007,False,0.05,2000,25,125000,2909772022,0.008921500004362315
10000,1054,carryover_crt,10000,two-sided,ok,,-1.0562499755413581,0.3638180909545227,False,0.05,2000,12,120000,716071695,0.008475600014207885
10000,1054,total_effect_crt,5000,greater,ok,,-0.22480455507609248,0.6451774112943528,False,0.05,2000,50,250000,2289733441,0.012528999999631196
10000,1055,anticipation_pirt,-1,greater,ok,,-0.000504015758632681,0.030984507746126936,True,0.05,2000,49,20000,521978266,0.01677619997644797
10000,1055,carryover_crt,0,two-sided,ok,,-0.38589567089126997,0.7091454272863568,False,0.05,2000,25,250000,2023458786,0.009321800025645643
10000,1055,carryover_crt,1000,two-sided,ok,,-0.4335780343425273,0.688655672163918,False,0.05,2000,25,225000,13173880,0.010576100001344457
10000,1055,carryover_crt,2500,two-sided,ok,,-0.4392136435544493,0.6816591704147926,False,0.05,2000,25,187500,233761128,0.009696399996755645
10000,1055,carryover_crt,5000,two-sided,ok,,-0.4206825504884422,0.6901549225387307,False,0.05,2000,25,125000,1123409275,0.008868000004440546
10000,1055,carryover_crt,10000,two-sided,ok,,0.9058821455071988,0.5602198900549725,False,0.05,2000,12,120000,2484704731,0.008835600019665435
10000,1055,total_effect_crt,5000,greater,ok,,1.391075567903608,0.027486256871564217,True,0.05,2000,50,250000,3629453902,0.010279799986165017
10000,1056,anticipation_pirt,-1,greater,ok,,-0.0005362782575634175,0.11694152923538231,False,0.05,2000,49,10000,2297005140,0.02056030000676401
10000,1056,carryover_crt,0,two-sided,ok,,0.17694391548196972,0.8495752123938031,False,0.05,2000,25,250000,2355275227,0.0115046999999322
10000,1056,carryover_crt,1000,two-sided,ok,,0.09659315272173935,0.9155422288855573,False,0.05,2000,25,225000,3861582431,0.010216900001978502
10000,1056,carryover_crt,2500,two-sided,ok,,0.048041811645189905,0.9610194902548725,False,0.05,2000,25,187500,356374479,0.008936099999118596
10000,1056,carryover_crt,5000,two-sided,ok,,-0.039769439965992956,0.9620189905047476,False,0.05,2000,25,125000,1911291430,0.00903919999836944
10000,1056,carryover_crt,10000,two-sided,ok,,1.4478126342219302,0.19890054972513743,False,0.05,2000,12,120000,1354118859,0.008897499996237457
10000,1056,total_effect_crt,5000,greater,ok,,1.2762376509720683,0.026486756621689155,True,0.05,2000,50,250000,3430217455,0.013508399977581576
10000,1057,anticipation_pirt,-1,greater,ok,,0.00013266100056531926,0.6126936531734133,False,0.05,2000,49,10000,1422477918,0.01434789999620989
10000,1057,carryover_crt,0,two-sided,ok,,-2.4360172243914606,0.014992503748125937,True,0.05,2000,25,250000,3533740810,0.009193999983835965
10000,1057,carryover_crt,1000,two-sided,ok,,-2.5233830536200106,0.02348825587206397,True,0.05,2000,25,225000,2033335577,0.00968240000656806
10000,1057,carryover_crt,2500,two-sided,ok,,-2.560890821863075,0.01199400299850075,True,0.05,2000,25,187500,1414061141,0.009791200020117685
10000,1057,carryover_crt,5000,two-sided,ok,,-2.58001930159846,0.015492253873063468,True,0.05,2000,25,125000,520792209,0.009979199996450916
10000,1057,carryover_crt,10000,two-sided,ok,,-0.3952794906033202,0.8140929535232384,False,0.05,2000,12,120000,2043247551,0.0101489000080619
10000,1057,total_effect_crt,5000,greater,ok,,0.6626946248891353,0.15442278860569716,False,0.05,2000,50,250000,3173588334,0.010393100004876032
10000,1058,anticipation_pirt,-1,greater,ok,,-0.00034071395672581974,0.24087956021989004,False,0.05,2000,49,20000,4190278967,0.016600900009507313
10000,1058,carryover_crt,0,two-sided,ok,,1.0131979768021702,0.2683658170914543,False,0.05,2000,25,250000,268633604,0.009405100019648671
10000,1058,carryover_crt,1000,two-sided,ok,,0.9564302000444631,0.3073463268365817,False,0.05,2000,25,225000,2537165885,0.009824200009461492
10000,1058,carryover_crt,2500,two-sided,ok,,0.9347997647941313,0.29985007496251875,False,0.05,2000,25,187500,54263167,0.009619699994800612
10000,1058,carryover_crt,5000,two-sided,ok,,0.8916028593188225,0.35082458770614694,False,0.05,2000,25,125000,2710001714,0.009182699985103682
10000,1058,carryover_crt,10000,two-sided,ok,,-0.759631649543283,0.551224387806097,False,0.05,2000,12,120000,4134707226,0.00854289997369051
10000,1058,total_effect_crt,5000,greater,ok,,1.255553971309617,0.04297851074462768,True,0.05,2000,50,250000,785542178,0.012519999989308417
10000,1059,anticipation_pirt,-1,greater,ok,,-0.0002472049976769438,0.0559720139930035,False,0.05,2000,49,10000,558903627,0.013869999995222315
10000,1059,carryover_crt,0,two-sided,ok,,0.5932003861183376,0.5367316341829086,False,0.05,2000,25,250000,965334692,0.009213300014380366
10000,1059,carryover_crt,1000,two-sided,ok,,0.5404413208191096,0.5802098950524738,False,0.05,2000,25,225000,3471050428,0.010420900012832135
10000,1059,carryover_crt,2500,two-sided,ok,,0.5451979605120819,0.5732133933033483,False,0.05,2000,25,187500,1667464020,0.009012399998027831
10000,1059,carryover_crt,5000,two-sided,ok,,0.554892786761403,0.5717141429285357,False,0.05,2000,25,125000,2626575026,0.009361699980217963
10000,1059,carryover_crt,10000,two-sided,ok,,-1.7465702937278278,0.24387806096951525,False,0.05,2000,12,120000,2732073750,0.008820999995805323
10000,1059,total_effect_crt,5000,greater,ok,,1.5536703645017893,0.019490254872563718,True,0.05,2000,50,250000,722481988,0.010335200000554323
10000,1060,anticipation_pirt,-1,greater,ok,,0.0001345965323613324,0.6731634182908546,False,0.05,2000,49,20000,2734146814,0.021149100008187816
10000,1060,carryover_crt,0,two-sided,ok,,1.3265934889416393,0.20439780109945027,False,0.05,2000,25,250000,1542146143,0.011461199988843873
10000,1060,carryover_crt,1000,two-sided,ok,,1.2982996140424081,0.19940029985007496,False,0.05,2000,25,225000,3395101176,0.011592599999858066
10000,1060,carryover_crt,2500,two-sided,ok,,1.3214624757813613,0.20689655172413793,False,0.05,2000,25,187500,1682543794,0.009066300000995398
10000,1060,carryover_crt,5000,two-sided,ok,,1.3046958094274999,0.21039480259870064,False,0.05,2000,25,125000,696747333,0.008736800024053082
10000,1060,carryover_crt,10000,two-sided,ok,,0.5522454867237867,0.7311344327836082,False,0.05,2000,12,120000,926245816,0.009287699998822063
10000,1060,total_effect_crt,5000,greater,ok,,2.616588339850664,0.0004997501249375312,True,0.05,2000,50,250000,3936543120,0.02353830001084134
10000,1061,anticipation_pirt,-1,greater,ok,,0.00039044635879979524,0.7171414292853573,False,0.05,2000,49,10000,1921895986,0.014621399983298033
10000,1061,carryover_crt,0,two-sided,ok,,0.6014208661355823,0.46926536731634183,False,0.05,2000,25,250000,3492551168,0.009220300009474158
10000,1061,carryover_crt,1000,two-sided,ok,,0.5194801655977633,0.5362318840579711,False,0.05,2000,25,225000,3867110586,0.010036699997726828
10000,1061,carryover_crt,2500,two-sided,ok,,0.46811166898020107,0.5942028985507246,False,0.05,2000,25,187500,283645752,0.011184500006493181
10000,1061,carryover_crt,5000,two-sided,ok,,0.46444638903525487,0.5922038980509745,False,0.05,2000,25,125000,682158068,0.008961199986515567
10000,1061,carryover_crt,10000,two-sided,ok,,-2.3814677787449834,0.07746126936531735,False,0.05,2000,12,120000,2214586315,0.00842890000785701
10000,1061,total_effect_crt,5000,greater,ok,,0.6684807845416665,0.18840579710144928,False,0.05,2000,50,250000,2989717964,0.010601200017845258
10000,1062,anticipation_pirt,-1,greater,ok,,2.475652592526028e-05,0.5787106446776612,False,0.05,2000,49,10000,3781823020,0.014511599991237745
10000,1062,carryover_crt,0,two-sided,ok,,0.7317132635531871,0.4777611194402799,False,0.05,2000,25,250000,1805063055,0.01108530000783503
10000,1062,carryover_crt,1000,two-sided,ok,,0.7191472727161812,0.5052473763118441,False,0.05,2000,25,225000,1074462676,0.009534400014672428
10000,1062,carryover_crt,2500,two-sided,ok,,0.7317496370295881,0.47626186906546725,False,0.05,2000,25,187500,3201751382,0.009687099984148517
10000,1062,carryover_crt,5000,two-sided,ok,,0.6785107046014369,0.5057471264367817,False,0.05,2000,25,125000,230557092,0.00929570000153035
10000,1062,carryover_crt,10000,two-sided,ok,,-0.2544069952446659,0.8665667166416792,False,0.05,2000,12,120000,1481137671,0.011061800003517419
10000,1062,total_effect_crt,5000,greater,ok,,1.6625207610705048,0.013493253373313344,True,0.05,2000,50,250000,1813659867,0.010927600000286475
10000,1063,anticipation_pirt,-1,greater,ok,,0.00024016989865449,0.9245377311344328,False,0.05,2000,49,20000,3153824215,0.014142200001515448
10000,1063,carryover_crt,0,two-sided,ok,,0.7383934224858433,0.4357821089455272,False,0.05,2000,25,250000,842835307,0.009378899994771928
10000,1063,carryover_crt,1000,two-sided,ok,,0.6944792723381353,0.46526736631684157,False,0.05,2000,25,225000,2939924995,0.009985000011511147
10000,1063,carryover_crt,2500,two-sided,ok,,0.6899357705737352,0.4802598700649675,False,0.05,2000,25,187500,127829532,0.009139500005403534
10000,1063,carryover_crt,5000,two-sided,ok,,0.6574115048599242,0.4737631184407796,False,0.05,2000,25,125000,3824629332,0.010230299987597391
10000,1063,carryover_crt,10000,two-sided,ok,,0.8027513140032999,0.5467266366816592,False,0.05,2000,12,120000,3092296408,0.008533299987902865
10000,1063,total_effect_crt,5000,greater,ok,,1.3964783671462089,0.021989005497251374,True,0.05,2000,50,250000,2031505830,0.011683299992000684
10000,1064,anticipation_pirt,-1,greater,ok,,0.0003232782531988291,0.7481259370314842,False,0.05,2000,49,20000,1187407458,0.018710600008489564
10000,1064,carryover_crt,0,two-sided,ok,,-1.333542449104905,0.19990004997501248,False,0.05,2000,25,250000,1557031299,0.01055639999685809
10000,1064,carryover_crt,1000,two-sided,ok,,-1.4263717890689602,0.15142428785607195,False,0.05,2000,25,225000,2207443553,0.009645000012824312
10000,1064,carryover_crt,2500,two-sided,ok,,-1.4704801792077422,0.1664167916041979,False,0.05,2000,25,187500,3423290166,0.009229699993738905
10000,1064,carryover_crt,5000,two-sided,ok,,-1.4695409254439773,0.16141929035482258,False,0.05,2000,25,125000,615419066,0.009319000004325062
10000,1064,carryover_crt,10000,two-sided,ok,,-1.0340268096408807,0.5187406296851574,False,0.05,2000,12,120000,772550619,0.008755000017117709
10000,1064,total_effect_crt,5000,greater,ok,,1.1644005334045588,0.04997501249375312,True,0.05,2000,50,250000,944976643,0.013787200005026534
10000,1065,anticipation_pirt,-1,greater,ok,,-0.00022949808037969193,0.14392803598200898,False,0.05,2000,49,20000,1143975359,0.015589899994665757
10000,1065,carryover_crt,0,two-sided,ok,,-0.44806222963787606,0.6591704147926037,False,0.05,2000,25,250000,2758426474,0.009753100021043792
10000,1065,carryover_crt,1000,two-sided,ok,,-0.4910579442252218,0.6356821589205397,False,0.05,2000,25,225000,1538505533,0.009541299979900941
10000,1065,carryover_crt,2500,two-sided,ok,,-0.46884617551392327,0.6656671664167916,False,0.05,2000,25,187500,2855566459,0.010100300016347319
10000,1065,carryover_crt,5000,two-sided,ok,,-0.4502107091018857,0.665167416291854,False,0.05,2000,25,125000,2518658000,0.010111100011272356
10000,1065,carryover_crt,10000,two-sided,ok,,1.1788454731871687,0.3803098450774613,False,0.05,2000,12,120000,479908431,0.008610799995949492
10000,1065,total_effect_crt,5000,greater,ok,,1.2473186913321017,0.04147926036981509,True,0.05,2000,50,250000,1556984311,0.011212000012164935
10000,1066,anticipation_pirt,-1,greater,ok,,-0.00012250006571862935,0.296351824087956,False,0.05,2000,49,20000,1354894368,0.018346099997870624
10000,1066,carryover_crt,0,two-sided,ok,,0.2345373548097016,0.7916041979010495,False,0.05,2000,25,250000,874101880,0.01011649999418296
10000,1066,carryover_crt,1000,two-sided,ok,,0.1882671071200073,0.8335832083958021,False,0.05,2000,25,225000,3661692734,0.00943340000230819
10000,1066,carryover_crt,2500,two-sided,ok,,0.18724031585937734,0.8420789605197402,False,0.05,2000,25,187500,4236153663,0.009739699977217242
10000,1066,carryover_crt,5000,two-sided,ok,,0.23544751469030983,0.7946026986506747,False,0.05,2000,25,125000,552962919,0.009159600012935698
10000,1066,carryover_crt,10000,two-sided,ok,,-0.6484039846512176,0.5902048975512244,False,0.05,2000,12,120000,2754590670,0.009486900002229959
10000,1066,total_effect_crt,5000,greater,ok,,0.5491843873507083,0.19890054972513743,False,0.05,2000,50,250000,3320492019,0.012967800023034215
10000,1067,anticipation_pirt,-1,greater,ok,,-0.000526793185260319,0.07146426786606697,False,0.05,2000,49,20000,3870663087,0.015213600010611117
10000,1067,carryover_crt,0,two-sided,ok,,0.28685047278310355,0.7791104447776112,False,0.05,2000,25,250000,2095225982,0.009517400001641363
10000,1067,carryover_crt,1000,two-sided,ok,,0.24791172690285584,0.8000999500249875,False,0.05,2000,25,225000,4161729697,0.009643500001402572
10000,1067,carryover_crt,2500,two-sided,ok,,0.2186658074713549,0.8270864567716142,False,0.05,2000,25,187500,3648053969,0.010238799994112924
10000,1067,carryover_crt,5000,two-sided,ok,,0.19581471438461548,0.848575712143928,False,0.05,2000,25,125000,120044650,0.009037999989232048
10000,1067,carryover_crt,10000,two-sided,ok,,0.627599986329054,0.6491754122938531,False,0.05,2000,12,120000,3523966822,0.009618199983378872
10000,1067,total_effect_crt,5000,greater,ok,,1.1641520532231926,0.0559720139930035,False,0.05,2000,50,250000,2493467125,0.010724200023105368
10000,1068,anticipation_pirt,-1,greater,ok,,-9.094065405648446e-05,0.39730134932533734,False,0.05,2000,49,20000,650750835,0.01661479999893345
10000,1068,carryover_crt,0,two-sided,ok,,1.233879891561821,0.15092453773113443,False,0.05,2000,25,250000,1857819457,0.010122100007720292
10000,1068,carryover_crt,1000,two-sided,ok,,1.1908941058757239,0.16141929035482258,False,0.05,2000,25,225000,4206733483,0.010445499996421859
10000,1068,carryover_crt,2500,two-sided,ok,,1.1946943723544876,0.16691654172913542,False,0.05,2000,25,187500,2601090835,0.009653600020101294
10000,1068,carryover_crt,5000,two-sided,ok,,1.1890622128300965,0.16141929035482258,False,0.05,2000,25,125000,3000510275,0.00942740001482889
10000,1068,carryover_crt,10000,two-sided,ok,,-2.5811199399175435,0.0559720139930035,False,0.05,2000,12,120000,949497781,0.009173200000077486
10000,1068,total_effect_crt,5000,greater,ok,,0.9853421368996054,0.08045977011494253,False,0.05,2000,50,250000,2761169173,0.01275659998646006
10000,1069,anticipation_pirt,-1,greater,ok,,0.00025038188606257936,0.8785607196401799,False,0.05,2000,49,10000,2332387150,0.017048100009560585
10000,1069,carryover_crt,0,two-sided,ok,,-1.5730342839591207,0.11094452773613193,False,0.05,2000,25,250000,431036364,0.009625200007576495
10000,1069,carryover_crt,1000,two-sided,ok,,-1.6171367629733684,0.12093953023488256,False,0.05,2000,25,225000,3776515728,0.009868599998299032
10000,1069,carryover_crt,2500,two-sided,ok,,-1.6156446560792523,0.10944527736131934,False,0.05,2000,25,187500,3469072801,0.009694600012153387
10000,1069,carryover_crt,5000,two-sided,ok,,-1.633393242451012,0.11144427786106946,False,0.05,2000,25,125000,2028117233,0.009409299993421882
10000,1069,carryover_crt,10000,two-sided,ok,,0.41000665724535157,0.7796101949025487,False,0.05,2000,12,120000,185545038,0.008879000000888482
10000,1069,total_effect_crt,5000,greater,ok,,0.4678183093007207,0.2413793103448276,False,0.05,2000,50,250000,1149288892,0.01257439999608323
10000,1070,anticipation_pirt,-1,greater,ok,,-0.0005067898501070959,0.1184407796101949,False,0.05,2000,49,10000,2831758944,0.01740129999234341
10000,1070,carryover_crt,0,two-sided,ok,,1.2046481317830682,0.24537731134432783,False,0.05,2000,25,250000,4286408067,0.009564900014083833
10000,1070,carryover_crt,1000,two-sided,ok,,1.1582663727723557,0.2768615692153923,False,0.05,2000,25,225000,975854866,0.009648000006563962
10000,1070,carryover_crt,2500,two-sided,ok,,1.1525678662453094,0.280359820089955,False,0.05,2000,25,187500,3548541210,0.009995300002628937
10000,1070,carryover_crt,5000,two-sided,ok,,1.1639524528628589,0.2653673163418291,False,0.05,2000,25,125000,3927557111,0.00973709998652339
10000,1070,carryover_crt,10000,two-sided,ok,,2.038092286438371,0.13793103448275862,False,0.05,2000,12,120000,4045280493,0.008649199997307733
10000,1070,total_effect_crt,5000,greater,ok,,2.2418996286055295,0.0014992503748125937,True,0.05,2000,50,250000,1363985489,0.012974300014320761
10000,1071,anticipation_pirt,-1,greater,ok,,0.00036127212684846125,0.5172413793103449,False,0.05,2000,49,20000,3185889455,0.01481900000362657
10000,1071,carryover_crt,0,two-sided,ok,,-1.3539462893987595,0.16891554222888555,False,0.05,2000,25,250000,3729368293,0.00998149998486042
10000,1071,carryover_crt,1000,two-sided,ok,,-1.441878189527409,0.14792603698150925,False,0.05,2000,25,225000,924765191,0.009955599991371855
10000,1071,carryover_crt,2500,two-sided,ok,,-1.4971108994102678,0.1374312843578211,False,0.05,2000,25,187500,640073858,0.009239100007107481
10000,1071,carryover_crt,5000,two-sided,ok,,-1.519216925459802,0.12643678160919541,False,0.05,2000,25,125000,2725175798,0.009030999994138256
10000,1071,carryover_crt,10000,two-sided,ok,,0.0059201662786305675,0.9965017491254373,False,0.05,2000,12,120000,3685384381,0.00882160000037402
10000,1071,total_effect_crt,5000,greater,ok,,0.5284928679750561,0.2158920539730135,False,0.05,2000,50,250000,1960890122,0.010234400018816814
10000,1072,anticipation_pirt,-1,greater,ok,,-8.177799861697466e-05,0.4452773613193403,False,0.05,2000,49,20000,692588595,0.016680700005963445
10000,1072,carryover_crt,0,two-sided,ok,,-0.19529247522218518,0.8430784607696152,False,0.05,2000,25,250000,2670351572,0.009776200022315606
10000,1072,carryover_crt,1000,two-sided,ok,,-0.26232292703746096,0.7881059470264867,False,0.05,2000,25,225000,2476916088,0.00959500001044944
10000,1072,carryover_crt,2500,two-sided,ok,,-0.2574984467917879,0.791104447776112,False,0.05,2000,25,187500,4105736819,0.010255899978801608
10000,1072,carryover_crt,5000,two-sided,ok,,-0.1943108743005097,0.8515742128935532,False,0.05,2000,25,125000,1953786087,0.009250800008885562
10000,1072,carryover_crt,10000,two-sided,ok,,0.3394229928570485,0.823088455772114,False,0.05,2000,12,120000,807585841,0.009317000018199906
10000,1072,total_effect_crt,5000,greater,ok,,1.6075492429302334,0.009495252373813094,True,0.05,2000,50,250000,1336582080,0.012737200013361871
10000,1073,anticipation_pirt,-1,greater,ok,,-5.986380787263766e-05,0.2518740629685157,False,0.05,2000,49,20000,1371334579,0.015280599996913224
10000,1073,carryover_crt,0,two-sided,ok,,1.7046789204114525,0.059470264867566215,False,0.05,2000,25,250000,4239600032,0.00932519999332726
10000,1073,carryover_crt,1000,two-sided,ok,,1.694811782859498,0.05347326336831584,False,0.05,2000,25,225000,2555321894,0.009349699976155534
10000,1073,carryover_crt,2500,two-sided,ok,,1.7117964401673473,0.06496751624187906,False,0.05,2000,25,187500,79899624,0.009168899996438995
10000,1073,carryover_crt,5000,two-sided,ok,,1.739188279956877,0.05997001499250375,False,0.05,2000,25,125000,1076157408,0.009608899999875575
10000,1073,carryover_crt,10000,two-sided,ok,,-0.877045646871285,0.49025487256371814,False,0.05,2000,12,120000,2042348638,0.008868200005963445
10000,1073,total_effect_crt,5000,greater,ok,,1.4889064458376318,0.01999000499750125,True,0.05,2000,50,250000,873842686,0.010962000000290573
10000,1074,anticipation_pirt,-1,greater,ok,,0.00033713756977035383,0.5892053973013494,False,0.05,2000,49,10000,529833550,0.017661799996858463
10000,1074,carryover_crt,0,two-sided,ok,,0.019003439834713875,0.9820089955022488,False,0.05,2000,25,250000,3856186938,0.009728599980007857
10000,1074,carryover_crt,1000,two-sided,ok,,-0.042751732262621245,0.9675162418790605,False,0.05,2000,25,225000,2931510920,0.01002600000356324
10000,1074,carryover_crt,2500,two-sided,ok,,-0.04594613201663888,0.9545227386306847,False,0.05,2000,25,187500,2648056017,0.009133099985774606
10000,1074,carryover_crt,5000,two-sided,ok,,0.0011473602327705557,0.999000499750125,False,0.05,2000,25,125000,1878300408,0.008856800006469712
10000,1074,carryover_crt,10000,two-sided,ok,,-2.356978945212191,0.08945527236381809,False,0.05,2000,12,120000,1094641817,0.00926610000897199
10000,1074,total_effect_crt,5000,greater,ok,,0.7300733427336364,0.14142928535732133,False,0.05,2000,50,250000,1414553093,0.0129196000052616
10000,1075,anticipation_pirt,-1,greater,ok,,0.00020879519200376056,0.8535732133933034,False,0.05,2000,49,20000,1286773000,0.015437699999893084
10000,1075,carryover_crt,0,two-sided,ok,,1.1141185346267073,0.2623688155922039,False,0.05,2000,25,250000,970071710,0.009505699999863282
10000,1075,carryover_crt,1000,two-sided,ok,,1.0833871754487026,0.2708645677161419,False,0.05,2000,25,225000,1632637851,0.009486499999184161
10000,1075,carryover_crt,2500,two-sided,ok,,1.0827244555230142,0.2888555722138931,False,0.05,2000,25,187500,3690038079,0.009488699986832216
10000,1075,carryover_crt,5000,two-sided,ok,,1.0823199759396316,0.27886056971514245,False,0.05,2000,25,125000,2122230494,0.009749499993631616
10000,1075,carryover_crt,10000,two-sided,ok,,0.7030383163455874,0.6216891554222889,False,0.05,2000,12,120000,3312332424,0.012978599988855422
10000,1075,total_effect_crt,5000,greater,ok,,1.9376707553651482,0.004997501249375313,True,0.05,2000,50,250000,1750347556,0.011255100020207465
10000,1076,anticipation_pirt,-1,greater,ok,,0.00036592375932730236,0.6891554222888556,False,0.05,2000,49,20000,3725407442,0.014068699994822964
10000,1076,carryover_crt,0,two-sided,ok,,0.44975838953165725,0.6401799100449775,False,0.05,2000,25,250000,1968854002,0.009761499997694045
10000,1076,carryover_crt,1000,two-sided,ok,,0.3741176799291371,0.7031484257871065,False,0.05,2000,25,225000,3473916879,0.00981710001360625
10000,1076,carryover_crt,2500,two-sided,ok,,0.3346048985385894,0.7321339330334833,False,0.05,2000,25,187500,2276415157,0.009266599983675405
10000,1076,carryover_crt,5000,two-sided,ok,,0.28808863315364713,0.782608695652174,False,0.05,2000,25,125000,2308462326,0.009213200013618916
10000,1076,carryover_crt,10000,two-sided,ok,,-1.2720203042741864,0.4292853573213393,False,0.05,2000,12,120000,274905763,0.008749700005864725
10000,1076,total_effect_crt,5000,greater,ok,,1.438765407242909,0.027486256871564217,True,0.05,2000,50,250000,1988128459,0.01109420001739636
10000,1077,anticipation_pirt,-1,greater,ok,,0.000292668591202909,0.6491754122938531,False,0.05,2000,49,20000,1058572068,0.016678099986165762
10000,1077,carryover_crt,0,two-sided,ok,,1.8666299570698885,0.07446276861569215,False,0.05,2000,25,250000,4066133447,0.009517300000879914
10000,1077,carryover_crt,1000,two-sided,ok,,1.7961331140825982,0.10794602698650675,False,0.05,2000,25,225000,1729839978,0.010276899993186817
10000,1077,carryover_crt,2500,two-sided,ok,,1.7570989459143282,0.09645177411294353,False,0.05,2000,25,187500,885142648,0.010107700014486909
10000,1077,carryover_crt,5000,two-sided,ok,,1.7300044401392045,0.11444277861069466,False,0.05,2000,25,125000,2615371886,0.009182800014968961
10000,1077,carryover_crt,10000,two-sided,ok,,1.4765579658487502,0.35932033983008493,False,0.05,2000,12,120000,3799910804,0.008687499997904524
10000,1077,total_effect_crt,5000,greater,ok,,2.8617940938185753,0.0004997501249375312,True,0.05,2000,50,250000,272031467,0.010594399995170534
10000,1078,anticipation_pirt,-1,greater,ok,,0.000554420097553651,0.9500249875062469,False,0.05,2000,49,10000,200695435,0.016818699979921803
10000,1078,carryover_crt,0,two-sided,ok,,-0.38194151187205305,0.7031484257871065,False,0.05,2000,25,250000,1349953028,0.010514399997191504
10000,1078,carryover_crt,1000,two-sided,ok,,-0.453514034747233,0.6536731634182908,False,0.05,2000,25,225000,164330236,0.009553200012305751
10000,1078,carryover_crt,2500,two-sided,ok,,-0.4717844166430036,0.6261869065467266,False,0.05,2000,25,187500,4155884696,0.009337600000435486
10000,1078,carryover_crt,5000,two-sided,ok,,-0.44182447029155475,0.6606696651674163,False,0.05,2000,25,125000,3631594580,0.010235399997327477
10000,1078,carryover_crt,10000,two-sided,ok,,-1.172850639926487,0.4077961019490255,False,0.05,2000,12,120000,4193019597,0.008666099980473518
10000,1078,total_effect_crt,5000,greater,ok,,0.7020777439128906,0.1504247876061969,False,0.05,2000,50,250000,3707710479,0.012661199987633154
10000,1079,anticipation_pirt,-1,greater,ok,,-0.0005153768735884119,0.1724137931034483,False,0.05,2000,49,10000,936317209,0.016271700005745515
10000,1079,carryover_crt,0,two-sided,ok,,-1.6701636422586146,0.11294352823588207,False,0.05,2000,25,250000,3141629834,0.009958900016499683
10000,1079,carryover_crt,1000,two-sided,ok,,-1.7515158713996908,0.10494752623688156,False,0.05,2000,25,225000,2691397188,0.009508499992080033
10000,1079,carryover_crt,2500,two-sided,ok,,-1.7686164935759305,0.10644677661169415,False,0.05,2000,25,187500,2201006299,0.010677099984604865
10000,1079,carryover_crt,5000,two-sided,ok,,-1.7250833218033614,0.11544227886056972,False,0.05,2000,25,125000,3486272603,0.01214170001912862
10000,1079,carryover_crt,10000,two-sided,ok,,1.2296308062151386,0.4482758620689655,False,0.05,2000,12,120000,3488544092,0.011084300000220537
10000,1079,total_effect_crt,5000,greater,ok,,1.1072847753417343,0.050474762618690654,False,0.05,2000,50,250000,2654364579,0.0108440000039991
10000,1080,anticipation_pirt,-1,greater,ok,,0.0003561685991306645,0.697151424287856,False,0.05,2000,49,20000,176218435,0.017530600016471
10000,1080,carryover_crt,0,two-sided,ok,,-0.3816411119033097,0.6846576711644178,False,0.05,2000,25,250000,3368951255,0.011282199993729591
10000,1080,carryover_crt,1000,two-sided,ok,,-0.4355255018443697,0.6481759120439781,False,0.05,2000,25,225000,2277766770,0.01147940001101233
10000,1080,carryover_crt,2500,two-sided,ok,,-0.4617332168554267,0.6216891554222889,False,0.05,2000,25,187500,743221513,0.011164399998961017
10000,1080,carryover_crt,5000,two-sided,ok,,-0.5026705492687522,0.6081959020489756,False,0.05,2000,25,125000,1904826185,0.00907629998982884
10000,1080,carryover_crt,10000,two-sided,ok,,-2.0222337871882137,0.21189405297351324,False,0.05,2000,12,120000,2486197183,0.008601200010161847
10000,1080,total_effect_crt,5000,greater,ok,,0.5491758266497403,0.22088955522238882,False,0.05,2000,50,250000,3023621773,0.015154199994867668
10000,1081,anticipation_pirt,-1,greater,ok,,-0.00034141703995679384,0.4497751124437781,False,0.05,2000,49,10000,612401462,0.015191199985565618
10000,1081,carryover_crt,0,two-sided,ok,,1.2558736516430378,0.21039480259870064,False,0.05,2000,25,250000,2429026539,0.009612800000468269
10000,1081,carryover_crt,1000,two-sided,ok,,1.239298638816923,0.23338330834582707,False,0.05,2000,25,225000,3860871813,0.009916099981637672
10000,1081,carryover_crt,2500,two-sided,ok,,1.251986958644847,0.2158920539730135,False,0.05,2000,25,187500,1486710532,0.010204899997916073
10000,1081,carryover_crt,5000,two-sided,ok,,1.2483502129203081,0.23788105947026486,False,0.05,2000,25,125000,2980853002,0.009302299993578345
10000,1081,carryover_crt,10000,two-sided,ok,,-0.8611379792633157,0.5867066466766616,False,0.05,2000,12,120000,1193444422,0.008823300013318658
10000,1081,total_effect_crt,5000,greater,ok,,1.81945763804923,0.0074962518740629685,True,0.05,2000,50,250000,2713257288,0.010588300006929785
10000,1082,anticipation_pirt,-1,greater,ok,,0.000320778275294262,0.56071964017991,False,0.05,2000,49,20000,2552681752,0.014555399975506589
10000,1082,carryover_crt,0,two-sided,ok,,-0.7608024624948649,0.4127936031984008,False,0.05,2000,25,250000,173425944,0.011024200008250773
10000,1082,carryover_crt,1000,two-sided,ok,,-0.8259419366362194,0.38780609695152424,False,0.05,2000,25,225000,83519661,0.009932200016919523
10000,1082,carryover_crt,2500,two-sided,ok,,-0.8341437673671842,0.4047976011994003,False,0.05,2000,25,187500,1910513496,0.00983930000802502
10000,1082,carryover_crt,5000,two-sided,ok,,-0.8552742202385964,0.384807596201899,False,0.05,2000,25,125000,161153315,0.009507100010523573
10000,1082,carryover_crt,10000,two-sided,ok,,-2.1569047845368274,0.1489255372313843,False,0.05,2000,12,120000,3523835778,0.00925110001116991
10000,1082,total_effect_crt,5000,greater,ok,,0.6753019845603406,0.14942528735632185,False,0.05,2000,50,250000,3918804297,0.01161730001331307
10000,1083,anticipation_pirt,-1,greater,ok,,0.00018084803022400564,0.519240379810095,False,0.05,2000,49,10000,1820390508,0.01643540000077337
10000,1083,carryover_crt,0,two-sided,ok,,0.4355954304424526,0.664167916041979,False,0.05,2000,25,250000,2864702824,0.010451900016050786
10000,1083,carryover_crt,1000,two-sided,ok,,0.3881826582346028,0.6846576711644178,False,0.05,2000,25,225000,4124463167,0.009384300006786361
10000,1083,carryover_crt,2500,two-sided,ok,,0.3725658584038814,0.7171414292853573,False,0.05,2000,25,187500,2822458831,0.009837500023422763
10000,1083,carryover_crt,5000,two-sided,ok,,0.3570334318232237,0.729135432283858,False,0.05,2000,25,125000,1291900764,0.009247499983757734
10000,1083,carryover_crt,10000,two-sided,ok,,-0.5757998208237192,0.696151924037981,False,0.05,2000,12,120000,2054290446,0.00908079999499023
10000,1083,total_effect_crt,5000,greater,ok,,1.4338732464186847,0.019490254872563718,True,0.05,2000,50,250000,4090057450,0.010525599995162338
10000,1084,anticipation_pirt,-1,greater,ok,,0.00049969521322108,0.8950524737631185,False,0.05,2000,49,20000,2382298108,0.017274299985729158
10000,1084,carryover_crt,0,two-sided,ok,,0.8290227810206859,0.344327836081959,False,0.05,2000,25,250000,2055735308,0.009277199977077544
10000,1084,carryover_crt,1000,two-sided,ok,,0.775723004419456,0.3933033483258371,False,0.05,2000,25,225000,4186919181,0.00984390001394786
10000,1084,carryover_crt,2500,two-sided,ok,,0.7461966761038501,0.39730134932533734,False,0.05,2000,25,187500,218943298,0.009922000026563182
10000,1084,carryover_crt,5000,two-sided,ok,,0.7624217426842749,0.4057971014492754,False,0.05,2000,25,125000,3947674940,0.009139600006164983
10000,1084,carryover_crt,10000,two-sided,ok,,-1.2041683058887411,0.3058470764617691,False,0.05,2000,12,120000,2270369037,0.009006900014355779
10000,1084,total_effect_crt,5000,greater,ok,,0.8867234992231726,0.09495252373813093,False,0.05,2000,50,250000,587423189,0.01246179998270236
10000,1085,anticipation_pirt,-1,greater,ok,,0.00036348260742700956,0.6941529235382309,False,0.05,2000,49,10000,3238934161,0.016556099988520145
10000,1085,carryover_crt,0,two-sided,ok,,0.8118599010756761,0.4407796101949025,False,0.05,2000,25,250000,4238342788,0.009327900013886392
10000,1085,carryover_crt,1000,two-sided,ok,,0.7687084264670975,0.47226386806596704,False,0.05,2000,25,225000,1571891170,0.010185099992668256
10000,1085,carryover_crt,2500,two-sided,ok,,0.7598246224387686,0.49525237381309345,False,0.05,2000,25,187500,2554731355,0.010202799981925637
10000,1085,carryover_crt,5000,two-sided,ok,,0.7339913431130947,0.48125937031484256,False,0.05,2000,25,125000,1448871763,0.008934400015277788
10000,1085,carryover_crt,10000,two-sided,ok,,-1.302258970000812,0.4267866066966517,False,0.05,2000,12,120000,210724981,0.008813699998427182
10000,1085,total_effect_crt,5000,greater,ok,,1.9306720354370177,0.005497251374312844,True,0.05,2000,50,250000,90913121,0.010566199984168634
10000,1086,anticipation_pirt,-1,greater,ok,,-0.0005385493448896011,0.06846576711644178,False,0.05,2000,49,10000,1464312247,0.01704740000423044
10000,1086,carryover_crt,0,two-sided,ok,,0.8129808610199539,0.40879560219890054,False,0.05,2000,25,250000,3546729319,0.009692399995401502
10000,1086,carryover_crt,1000,two-sided,ok,,0.7548743821797107,0.45077461269365315,False,0.05,2000,25,225000,1420775955,0.009469200012972578
10000,1086,carryover_crt,2500,two-sided,ok,,0.7243952896303337,0.46926536731634183,False,0.05,2000,25,187500,726405978,0.009357300004921854
10000,1086,carryover_crt,5000,two-sided,ok,,0.7187806228491069,0.4707646176911544,False,0.05,2000,25,125000,572934539,0.00976830002036877
10000,1086,carryover_crt,10000,two-sided,ok,,0.7621419831413775,0.5497251374312844,False,0.05,2000,12,120000,711473506,0.009249900002032518
10000,1086,total_effect_crt,5000,greater,ok,,1.5594155640352518,0.013993003498250875,True,0.05,2000,50,250000,2548973520,0.012730499991448596
10000,1087,anticipation_pirt,-1,greater,ok,,0.0002390652111963002,0.9255372313843079,False,0.05,2000,49,20000,3718995746,0.014331000013044104
10000,1087,carryover_crt,0,two-sided,ok,,0.02028887961362294,0.9820089955022488,False,0.05,2000,25,250000,2019811243,0.00986900000134483
10000,1087,carryover_crt,1000,two-sided,ok,,-0.0534740430455407,0.95952023988006,False,0.05,2000,25,225000,1888198691,0.009255300014046952
10000,1087,carryover_crt,2500,two-sided,ok,,-0.07585301137121547,0.9390304847576212,False,0.05,2000,25,187500,835444016,0.011599799996474758
10000,1087,carryover_crt,5000,two-sided,ok,,-0.09114543786263475,0.9320339830084957,False,0.05,2000,25,125000,2981760763,0.009458300017286092
10000,1087,carryover_crt,10000,two-sided,ok,,0.3939061577492391,0.7776111944027986,False,0.05,2000,12,120000,2219726723,0.009538699989207089
10000,1087,total_effect_crt,5000,greater,ok,,1.4763624457968771,0.015492253873063468,True,0.05,2000,50,250000,1123495443,0.01026010001078248
10000,1088,anticipation_pirt,-1,greater,ok,,0.0001193079858649924,0.7001499250374813,False,0.05,2000,49,20000,1721937173,0.01687849999871105
10000,1088,carryover_crt,0,two-sided,ok,,-0.4440309502741248,0.6061969015492253,False,0.05,2000,25,250000,1797359823,0.011362899997038767
10000,1088,carryover_crt,1000,two-sided,ok,,-0.4771078117285502,0.5897051474262869,False,0.05,2000,25,225000,1352215059,0.010141999984625727
10000,1088,carryover_crt,2500,two-sided,ok,,-0.4839919895039795,0.5657171414292853,False,0.05,2000,25,187500,3468111038,0.010434399999212474
10000,1088,carryover_crt,5000,two-sided,ok,,-0.44658415055435896,0.6036981509245377,False,0.05,2000,25,125000,1308083136,0.010535799985518679
10000,1088,carryover_crt,10000,two-sided,ok,,-1.6013329630058883,0.18940529735132433,False,0.05,2000,12,120000,2392886382,0.008939799998188391
10000,1088,total_effect_crt,5000,greater,ok,,-0.1891895154697746,0.6296851574212894,False,0.05,2000,50,250000,487386914,0.012269300001207739
10000,1089,anticipation_pirt,-1,greater,ok,,0.00015637164150978248,0.35082458770614694,False,0.05,2000,49,10000,2335432631,0.017428599996492267
10000,1089,carryover_crt,0,two-sided,ok,,-0.7951352620931565,0.42028985507246375,False,0.05,2000,25,250000,3454215213,0.009427899989532307
10000,1089,carryover_crt,1000,two-sided,ok,,-0.8551442472115491,0.3968015992003998,False,0.05,2000,25,225000,3208110411,0.010168600012548268
10000,1089,carryover_crt,2500,two-sided,ok,,-0.8595891001887322,0.4287856071964018,False,0.05,2000,25,187500,2697310094,0.009483400004683062
10000,1089,carryover_crt,5000,two-sided,ok,,-0.8394596613118648,0.42328835582208896,False,0.05,2000,25,125000,646777477,0.009235300007276237
10000,1089,carryover_crt,10000,two-sided,ok,,-0.013850833063883017,0.9890054972513743,False,0.05,2000,12,120000,1016732729,0.008791099971858785
10000,1089,total_effect_crt,5000,greater,ok,,1.2248075718883127,0.037481259370314844,True,0.05,2000,50,250000,1907946842,0.011474700004328042
10000,1090,anticipation_pirt,-1,greater,ok,,9.987936656926063e-05,0.4892553723138431,False,0.05,2000,49,20000,2144587748,0.019344400003319606
10000,1090,carryover_crt,0,two-sided,ok,,0.4411392698399277,0.6796601699150425,False,0.05,2000,25,250000,1771666452,0.010807899991050363
10000,1090,carryover_crt,1000,two-sided,ok,,0.36866745818707686,0.7166416791604198,False,0.05,2000,25,225000,2561957795,0.009504299989202991
10000,1090,carryover_crt,2500,two-sided,ok,,0.367543138189276,0.7206396801599201,False,0.05,2000,25,187500,2009277147,0.009358300012536347
10000,1090,carryover_crt,5000,two-sided,ok,,0.392556151038885,0.7031484257871065,False,0.05,2000,25,125000,3341040193,0.010446400003274903
10000,1090,carryover_crt,10000,two-sided,ok,,-1.7896209587911143,0.2863568215892054,False,0.05,2000,12,120000,275615608,0.009204200003296137
10000,1090,total_effect_crt,5000,greater,ok,,1.9094887565111072,0.004497751124437781,True,0.05,2000,50,250000,4233092843,0.014008300000568852
10000,1091,anticipation_pirt,-1,greater,ok,,0.00031553031848041084,0.8145927036481759,False,0.05,2000,49,20000,2061499297,0.015692300017690286
10000,1091,carryover_crt,0,two-sided,ok,,0.22295863457864523,0.815592203898051,False,0.05,2000,25,250000,2483855240,0.010433899995405227
10000,1091,carryover_crt,1000,two-sided,ok,,0.1686490623523956,0.8615692153923038,False,0.05,2000,25,225000,973373028,0.010135799995623529
10000,1091,carryover_crt,2500,two-sided,ok,,0.14416500926878048,0.887056471764118,False,0.05,2000,25,187500,3152637883,0.009345300000859424
10000,1091,carryover_crt,5000,two-sided,ok,,0.17106047523924708,0.8695652173913043,False,0.05,2000,25,125000,3935034246,0.008995800017146394
10000,1091,carryover_crt,10000,two-sided,ok,,0.8823139799718431,0.5507246376811594,False,0.05,2000,12,120000,3907060264,0.008641000022180378
10000,1091,total_effect_crt,5000,greater,ok,,1.4080610877230764,0.022988505747126436,True,0.05,2000,50,250000,1804455233,0.010688700014725327
10000,1092,anticipation_pirt,-1,greater,ok,,-0.00025012084794369383,0.36481759120439783,False,0.05,2000,49,10000,1210917977,0.01624130000709556
10000,1092,carryover_crt,0,two-sided,ok,,0.7816481415957958,0.3773113443278361,False,0.05,2000,25,250000,6658609,0.010749400011263788
10000,1092,carryover_crt,1000,two-sided,ok,,0.7049622943444053,0.45527236381809094,False,0.05,2000,25,225000,3494299898,0.009499200008576736
10000,1092,carryover_crt,2500,two-sided,ok,,0.6613383308948477,0.496751624187906,False,0.05,2000,25,187500,1484038299,0.009734399995068088
10000,1092,carryover_crt,5000,two-sided,ok,,0.6373036653162241,0.49825087456271866,False,0.05,2000,25,125000,914891719,0.010160300007555634
10000,1092,carryover_crt,10000,two-sided,ok,,-0.9514631447269272,0.48125937031484256,False,0.05,2000,12,120000,2622976062,0.008943299995735288
10000,1092,total_effect_crt,5000,greater,ok,,1.3045817289315313,0.02798600699650175,True,0.05,2000,50,250000,591828557,0.013334999996004626
10000,1093,anticipation_pirt,-1,greater,ok,,-0.00021822006396219557,0.3713143428285857,False,0.05,2000,49,20000,1655213811,0.015220400004182011
10000,1093,carryover_crt,0,two-sided,ok,,-0.6944521433023512,0.5357321339330335,False,0.05,2000,25,250000,3684297377,0.010083600005600601
10000,1093,carryover_crt,1000,two-sided,ok,,-0.7890236256031529,0.48375812093953025,False,0.05,2000,25,225000,1734669715,0.009872299997368827
10000,1093,carryover_crt,2500,two-sided,ok,,-0.8245150734724599,0.456271864067966,False,0.05,2000,25,187500,2466507021,0.009448600001633167
10000,1093,carryover_crt,5000,two-sided,ok,,-0.8647706992467343,0.44677661169415295,False,0.05,2000,25,125000,3372625871,0.00970009999582544
10000,1093,carryover_crt,10000,two-sided,ok,,1.459864465682581,0.3613193403298351,False,0.05,2000,12,120000,994975910,0.00867330000619404
10000,1093,total_effect_crt,5000,greater,ok,,2.0869489916479886,0.004497751124437781,True,0.05,2000,50,250000,1023010851,0.010926199989626184
10000,1094,anticipation_pirt,-1,greater,ok,,0.0004121732583043387,0.9470264867566217,False,0.05,2000,49,10000,1821262166,0.01592259999597445
10000,1094,carryover_crt,0,two-sided,ok,,1.6492508418379574,0.08395802098950525,False,0.05,2000,25,250000,3436808933,0.00972079997882247
10000,1094,carryover_crt,1000,two-sided,ok,,1.6125772960459357,0.09795102448775612,False,0.05,2000,25,225000,1398191061,0.009296200005337596
10000,1094,carryover_crt,2500,two-sided,ok,,1.6212913759443364,0.0944527736131934,False,0.05,2000,25,187500,477276245,0.011178200016729534
10000,1094,carryover_crt,5000,two-sided,ok,,1.6552951618801357,0.09645177411294353,False,0.05,2000,25,125000,1369315607,0.010699599981307983
10000,1094,carryover_crt,10000,two-sided,ok,,-0.1630016626790166,0.9105447276361819,False,0.05,2000,12,120000,3201231946,0.008434100018348545
10000,1094,total_effect_crt,5000,greater,ok,,2.0002974735962598,0.0029985007496251873,True,0.05,2000,50,250000,1869605774,0.013245100009953603
10000,1095,anticipation_pirt,-1,greater,ok,,0.00034306504663751127,0.5727136431784108,False,0.05,2000,49,20000,3603862,0.017089899978600442
10000,1095,carryover_crt,0,two-sided,ok,,2.077046992174908,0.04447776111944028,True,0.05,2000,25,250000,1441022012,0.010019200009992346
10000,1095,carryover_crt,1000,two-sided,ok,,2.041626975019955,0.0399800099950025,True,0.05,2000,25,225000,4286297709,0.010196200018981472
10000,1095,carryover_crt,2500,two-sided,ok,,2.016502033349335,0.04097951024487756,True,0.05,2000,25,187500,2018023887,0.010159700002986938
10000,1095,carryover_crt,5000,two-sided,ok,,2.0299561139257847,0.051974012993503245,False,0.05,2000,25,125000,2459705381,0.009846999979345128
10000,1095,carryover_crt,10000,two-sided,ok,,0.4850899891017315,0.7616191904047976,False,0.05,2000,12,120000,4167529932,0.009350599983008578
10000,1095,total_effect_crt,5000,greater,ok,,2.4309684236655684,0.0009995002498750624,True,0.05,2000,50,250000,3599955763,0.01217879998148419
10000,1096,anticipation_pirt,-1,greater,ok,,-7.807938772302389e-05,0.41179410294852575,False,0.05,2000,49,20000,2969580202,0.01863440001034178
10000,1096,carryover_crt,0,two-sided,ok,,0.13027159711310268,0.8780609695152424,False,0.05,2000,25,250000,4135050601,0.009918499999912456
10000,1096,carryover_crt,1000,two-sided,ok,,0.10079253091416429,0.9250374812593704,False,0.05,2000,25,225000,2160369593,0.009351399989100173
10000,1096,carryover_crt,2500,two-sided,ok,,0.10270421086569638,0.9110444777611194,False,0.05,2000,25,187500,4122052458,0.009979299997212365
10000,1096,carryover_crt,5000,two-sided,ok,,0.14032607709798225,0.8640679660169915,False,0.05,2000,25,125000,2216271907,0.009119800000917166
10000,1096,carryover_crt,10000,two-sided,ok,,-1.2907271365753374,0.3663168415792104,False,0.05,2000,12,120000,626930141,0.008883100003004074
10000,1096,total_effect_crt,5000,greater,ok,,0.2537565538456887,0.34632683658170915,False,0.05,2000,50,250000,2813834176,0.016142699983902276
10000,1097,anticipation_pirt,-1,greater,ok,,0.00046271608862132594,0.7766116941529235,False,0.05,2000,49,20000,2775772539,0.016865600016899407
10000,1097,carryover_crt,0,two-sided,ok,,0.06044967934715743,0.960519740129935,False,0.05,2000,25,250000,1520068378,0.011155200016219169
10000,1097,carryover_crt,1000,two-sided,ok,,0.0023251562501655342,0.9980009995002499,False,0.05,2000,25,225000,994581652,0.00913849999778904
10000,1097,carryover_crt,2500,two-sided,ok,,-0.008858772656917466,0.992503748125937,False,0.05,2000,25,187500,1424229541,0.009919700009049848
10000,1097,carryover_crt,5000,two-sided,ok,,0.060615518712401374,0.9480259870064968,False,0.05,2000,25,125000,1242509116,0.010060400003567338
10000,1097,carryover_crt,10000,two-sided,ok,,0.619601318517203,0.6931534232883558,False,0.05,2000,12,120000,3412912874,0.008782599994447082
10000,1097,total_effect_crt,5000,greater,ok,,2.095276272299886,0.0024987506246876563,True,0.05,2000,50,250000,903386697,0.010883399983868003
10000,1098,anticipation_pirt,-1,greater,ok,,0.00013399813932088718,0.5987006496751625,False,0.05,2000,49,20000,566328984,0.01724149999790825
10000,1098,carryover_crt,0,two-sided,ok,,0.3176652728422432,0.7746126936531734,False,0.05,2000,25,250000,479800760,0.009265300002880394
10000,1098,carryover_crt,1000,two-sided,ok,,0.28454417152674655,0.7976011994002998,False,0.05,2000,25,225000,2179493115,0.00977699999930337
10000,1098,carryover_crt,2500,two-sided,ok,,0.276267300200681,0.8085957021489255,False,0.05,2000,25,187500,1322877924,0.009399600006872788
10000,1098,carryover_crt,5000,two-sided,ok,,0.2235363144388199,0.8320839580209896,False,0.05,2000,25,125000,3332071896,0.009329299995442852
10000,1098,carryover_crt,10000,two-sided,ok,,2.2403766144042834,0.12543728135932034,False,0.05,2000,12,120000,944231045,0.00998589998926036
10000,1098,total_effect_crt,5000,greater,ok,,2.2544100282411574,0.001999000499750125,True,0.05,2000,50,250000,3668831708,0.01299519999884069
10000,1099,anticipation_pirt,-1,greater,ok,,0.0003061298544707552,0.7246376811594203,False,0.05,2000,49,20000,20167642,0.02487779999501072
10000,1099,carryover_crt,0,two-sided,ok,,0.5125249484722465,0.5772113943028486,False,0.05,2000,25,250000,947228863,0.01268399998662062
10000,1099,carryover_crt,1000,two-sided,ok,,0.4620415896341371,0.6276861569215393,False,0.05,2000,25,225000,3764116373,0.01496570001472719
10000,1099,carryover_crt,2500,two-sided,ok,,0.44478302994082386,0.6216891554222889,False,0.05,2000,25,187500,764200837,0.011367099999915808
10000,1099,carryover_crt,5000,two-sided,ok,,0.44720143008759605,0.6191904047976012,False,0.05,2000,25,125000,774157790,0.011542799999006093
10000,1099,carryover_crt,10000,two-sided,ok,,-1.2035666390654012,0.36731634182908546,False,0.05,2000,12,120000,2917419282,0.009738099994137883
10000,1099,total_effect_crt,5000,greater,ok,,0.9964553371663689,0.07596201899050475,False,0.05,2000,50,250000,1664244467,0.012466900021536276
